gvkey,piotroski,roic_5y_avg,fcf_growth_5y,fcf_ev_5y_avg,maint_fcf_ev_5y_avg,growth_capx_years_5y,sales_growth_5y,roic_ratio_latest_5y,accruals_latest,fic,gsector,market_cap_usd,market_cap_local,price_asof,ttm_dps,adv_usd,ni_latest,pe_ratio,div_yield,earnings_yield,flag_sales_decline,flag_roic_decay,flag_accruals,flag_cyclical,flag_nonrecurring,trap_flags,fcf_pos_years_10y,fcf_cv_10y,roic_min_10y,interest_coverage_5y_min,altman_z,shares_chg_5y_pct,fcf_ni_ratio_5y_avg,net_debt_ebitda,div_consecutive_yrs,gm_stdev_5y,fcf_margin_5y_avg,company_name,gsubind,mcap_floor_usd,quality_block,durability_block,capital_block,franchise_block,persist_block,composite,driver,rank_composite,tag_esg_excluded,tag_benchmark_orphan,tag_low_coverage,tag_complexity,tag_style_orphan,tag_orphan_country,tag_retail_dominated,structural_score_pure,structural_score_mixed,structural_score,structural_tags,structural_multiplier,final_score,rank_final,flag_stale,flag_illiquid,flag_dilution,flag_fcf_ev_extreme,flag_growth_capex,n_flags,pick_status
213098,8,0.3342533929069248,0.08329708416142889,0.044476375880223504,0.035897666786744255,0,0.06384898214839296,1.071609468328792,-0.09237275069117487,ZA,30,1981509496.2850502,36357972408.9,155.475,8.86,9768759.933141697,3236.333,11.234311305078927,0.05698665380286219,0.08901302205751672,False,False,False,False,False,0,10.0,0.4925802999946487,0.2889758623981336,12.254622199490894,3.10139034528697,-0.051201827372789666,1.3434117011280826,0.12005552356798749,1,0.014412117194650867,0.081945239958642,CLICKS GROUP LTD,30101010,1000000000,0.9086294416243654,0.5818527918781725,0.5981387478849408,0.5126903553299492,0.5642272983643543,0.7509546668964632,quality,8,0,1,0,1,1,0,0,3,0,3.0,BMK|CPX|STY,1.6,1.2015274670343412,1,False,False,False,False,False,0,picked
281728,8,0.3999747865067783,-0.09040895850904229,0.11083126992650057,0.1025961205714457,0,0.06294257594547581,1.1951816723896926,-0.0036768191878473974,BR,35,1287121523.42232,7483264671.06,13.71,0.9622999999999999,8315211.659333333,582.57,12.845262665533754,0.07018964259664477,0.07784971207192105,False,False,False,False,False,0,10.0,0.47662567509238174,0.2401437956023749,20.94267471067396,5.512397313830956,0.027699796946084154,1.3320155820394093,0.0,1,0.013767740757653248,0.28180897338541827,ODONTOPREV SA,35102030,1000000000,0.9238578680203046,0.623730964467005,0.3934010152284264,0.5228426395939086,0.5133248730964467,0.7303314795410527,quality,10,0,1,1,0,0,0,0,2,0,2.0,BMK|COV,1.4,1.0224640713574737,2,False,False,False,False,False,0,picked
204817,7,0.234828923063233,0.08542181699410634,0.14573391994658008,0.16624443279276999,3,0.07862289980480042,1.1273470667877437,-0.09356814500317236,IN,30,1287877638.96,107323136580.0,1538.2,21.0,980141.8338214286,11226.297,9.559976596022713,0.013652320894552074,0.10460276653982974,False,False,False,False,False,0,10.0,0.5432531039395545,0.16155008219870387,6.9640147206833225,3.9338893171140024,0.0,5.35303803627194,0.0,9,0.018621237341161084,0.09074500433110784,THE BOMBAY BURMAH TRADING CO,30202030,1000000000,0.7398477157360406,0.46763959390862947,0.8510998307952623,0.46446700507614214,0.5944021432600113,0.6778249474115032,capital,17,0,1,1,0,0,0,1,2,1,2.5,BMK|COV|RTL,1.5,1.0167374211172548,3,False,True,False,False,True,1,flagged
231127,9,0.16730449773512707,0.01632964647572166,0.09518417631381296,0.08820133547210632,0,0.0856691502885758,1.123981999853455,-0.0019440903313199785,JP,25,2920465680.0,435890400000.0,919.6,48.0,6501508.853462963,37633.16,11.582614906640845,0.05219660722053066,0.08633629003988158,False,False,False,False,False,0,10.0,0.253374571588903,0.13875901683141864,2786.6923076923076,9.84203938796525,0.8967671610568542,2.56874230690375,0.0,2,0.016275037773480227,0.40999698038813487,USS CO LTD,25504050,2000000000,0.7728426395939086,0.7874365482233502,0.505922165820643,0.5532994923857868,0.6155527354765934,0.7056035405851248,durability,14,0,1,0,1,0,0,0,2,0,2.0,BMK|CPX,1.4,0.9878449568191746,4,False,False,True,False,False,1,flagged
103700,7,0.6,0.09883862890156725,0.04466654197832868,0.04722236498955969,1,0.06257275947909058,1.0,0.004751701174049362,MY,30,1151190139.68,5093761680.0,16.66,1.03,415114.6139636364,375.637,13.560329999440949,0.06182472989195678,0.07374451801993218,False,False,False,False,False,0,10.0,0.19112491675926976,0.6,69.14295628036086,2.912154218609523,0.0,0.8773099931071633,0.029078003323200374,3,0.024323772523290575,0.12110647606706612,CARLSBERG BREWERY MALAYSIA,30201010,1000000000,0.8324873096446701,0.815989847715736,0.4602368866328257,0.35279187817258884,0.5430062041737168,0.7016951743021552,quality,16,0,1,1,0,0,0,0,2,0,2.0,BMK|COV,1.4,0.9823732440230173,5,False,True,False,False,False,1,flagged
319417,9,0.4037059366737462,0.2493049310046398,0.04112697287617863,0.03940642902666673,0,0.2297882570911629,1.1982828211114436,-0.03390875462392109,GB,50,5077677026.86592,3998170887.296,4.832,0.14579999999999999,18511213.237320833,282.6,14.147809226100494,0.030173841059602646,0.07068232148304322,False,False,False,False,False,0,10.0,0.272497072111794,0.2336668628605062,40.71794871794872,20.207626641651032,-0.04152949148406304,1.072980761463154,0.0,1,0.11361364160892853,0.5235248395184691,AUTOTRADER GROUP PLC,50203010,2000000000,0.9733502538071066,0.7531725888324873,0.49153976311336717,0.4796954314720812,0.5748025944726453,0.7884405927435656,quality,3,0,0,0,1,0,0,0,1,0,1.0,CPX,1.2,0.9461287112922787,6,False,False,False,False,False,0,picked
203113,7,0.3940529908062339,-0.0632329021049799,0.029759660146380325,0.02858226255549502,0,-0.11212304311534405,1.1326538786111016,-0.07786227586688063,IN,35,1027147212.0,85595601000.0,3716.7,192.0,717241.8997714286,3267.0,26.20006152433425,0.051658729518120915,0.038167849303377174,True,False,False,False,False,1,10.0,0.30323630829583714,0.1500344669117647,267.2352941176471,7.300033292410308,0.0,0.823465050719566,0.0,2,0.03232759074024336,0.1643261243141765,SANOFI INDIA LTD,35202010,1000000000,0.8083756345177664,0.7493654822335025,0.37309644670050757,0.11675126903553298,0.4130710659898477,0.6179848651609658,quality,35,0,1,1,0,0,0,1,2,1,2.5,BMK|COV|RTL,1.5,0.9269772977414488,7,False,True,False,False,False,2,flagged
279445,6,0.3372027154132114,0.0688448804306685,0.08426204973449568,0.06236505689078116,0,0.07296800890068766,1.0849665255164533,-0.1399367755532139,GB,25,2316549312.96145,1824054577.135,9.065,0.44500000000000006,3312708.483088158,156.3,11.670214824920025,0.04908990623276339,0.08568822553845772,False,False,False,False,False,0,10.0,0.42911376219408204,0.18342892257271612,18.5,2.689899064619837,-0.0048304162958567876,1.3681868869158063,1.1429980276134124,5,0.009483666304075733,0.12961686637515563,DUNELM GROUP PLC,25504060,2000000000,0.6535532994923858,0.6186548223350254,0.7461928934010151,0.6116751269035533,0.6588409475465312,0.6556632471109619,capital,22,0,1,0,1,0,0,0,2,0,2.0,BMK|CPX,1.4,0.9179285459553466,8,False,False,False,False,False,0,picked
100149,8,0.24490259936932518,0.10832555505176966,0.06914568022315663,0.06218768527795974,0,0.10518165293645843,1.1605791346125445,-0.0705163570976113,GB,25,19756467872.4945,15556273915.35,127.65,3.02,49297702.07165132,888.5,17.508468109566685,0.023658441049745398,0.05711521954645459,False,False,False,False,False,0,10.0,0.291172557464475,0.10254958613150086,10.195375722543352,6.201600517753518,-0.0882741271416182,1.1469641442798644,1.06644663096276,1,0.006828146135109573,0.15553503224188842,NEXT PLC,25503030,2000000000,0.8629441624365483,0.5348984771573604,0.5439932318104906,0.7741116751269035,0.6176677946982515,0.7549037803892684,quality,4,0,0,0,1,0,0,0,1,0,1.0,CPX,1.2,0.9058845364671221,9,False,False,False,False,False,0,picked
203230,7,0.22545376276582374,-0.05377217812335633,0.023539983344765515,0.02366993793981235,0,0.14010813145966172,1.2660537978196373,0.04081070376939369,IN,15,1483430188.236,123619182353.0,2714.5,30.0,9423594.471728573,4295.0,28.782114633993015,0.011051759071652238,0.034743798804100154,False,False,False,True,False,0,10.0,0.6112754472809083,0.13344334433443344,27.55,4.791075649648664,0.0,0.7809643934904626,0.0,1,0.023367518727425197,0.07336846484715848,JSW DULUX LTD,15101050,1000000000,0.7246192893401016,0.5222081218274112,0.27749576988155666,0.5736040609137056,0.4577693175408912,0.603010128094527,quality,40,0,1,1,0,0,0,1,2,1,2.5,BMK|COV|RTL,1.5,0.9045151921417905,10,False,False,False,False,False,1,flagged
102696,7,0.22188033873672852,-0.13153444071792253,0.07095626849603602,0.06904536872089165,0,-0.034987886882783426,0.9264970366868888,-0.05908493774785783,CH,45,11560402674.0,11560402674.0,71.9,1.26,9409440.872581365,631.529,18.305418554017315,0.01752433936022253,0.054628633431631615,True,False,False,False,False,1,10.0,0.8034245326836313,0.1211426975078557,1000000.0,8.95886716150071,-0.11017573713128459,1.204003619098258,0.0,8,0.022017070553888095,0.16494599370723215,LOGITECH INTERNATIONAL SA,45202030,2000000000,0.7195431472081217,0.5843908629441624,0.8392554991539761,0.2233502538071066,0.548998871968415,0.645747428923912,capital,26,0,0,0,1,1,0,0,2,0,2.0,CPX|STY,1.4,0.9040464004934767,11,False,False,False,False,False,1,flagged
276879,6,0.2533116893018961,-0.12491359911385447,0.14618529702600383,0.13732247823689128,0,-0.05158552757681534,0.8457811503608177,-0.024290474797910307,KW,25,1203157799.2979999,370202399.784,2.747,0.35,1769143.33181383,35.524,10.421191301204818,0.12741172187841282,0.09595831907282881,True,False,False,False,False,1,10.0,0.38539048497547407,0.21424625197759975,227.62454873646206,13.074939352050006,0.10249560228188126,1.0121861540061794,0.0,2,0.027936171132831412,0.5536461529083828,HUMAN SOFT HOLDING CO,25302010,1000000000,0.6154822335025381,0.7468274111675127,0.34856175972927245,0.14974619289340102,0.4150451212633954,0.5257356627599681,durability,83,0,1,1,1,0,1,0,3,1,3.5,BMK|COV|CPX|CTY,1.7000000000000002,0.8937506266919458,12,False,False,True,False,False,2,flagged
211175,6,0.18430682244708757,0.14351852605257132,0.10693759134950309,0.07363842726482037,0,0.16034605409643232,1.0135522446318366,-0.15379680859594258,ZA,25,1264298896.53225,23198144890.5,88.425,9.167,8988870.212099286,3647.0,6.360884258431588,0.10366977664687589,0.1572108466954831,False,False,False,False,False,0,10.0,0.4977894940626395,0.17151201826238754,6.338709677419355,4.847260372873103,0.009828410510154484,1.721284904133477,0.520317716127547,3,0.01141602388205259,0.17465228480123357,MR PRICE GROUP LTD,25504010,1000000000,0.5139593908629442,0.4866751269035533,0.6015228426395939,0.7969543147208122,0.6283840947546532,0.556989947329494,franchise,57,0,1,1,1,0,0,0,3,0,3.0,BMK|COV|CPX,1.6,0.8911839157271905,13,False,False,False,False,False,0,picked
272686,9,0.46810192859355465,0.22948708166075416,0.0770656111308285,0.07771234250166899,1,0.18204221623333172,1.0936944407484592,-0.034679530093779234,TW,50,6231477896.28,197824695120.0,702.0,29.0,32850127.439009998,10851.521,18.230135215146337,0.04131054131054131,0.05485422835312595,False,False,False,False,False,0,10.0,0.7659238976631819,0.1848821919462121,45419.4140625,12.013315008412768,3.0000283889283184,1.0127768030029571,0.0,2,0.006935877157782551,0.46737484154952014,INTERNATIONAL GAMES SYS CO,50202020,1000000000,0.9784263959390863,0.6465736040609137,0.29610829103214886,0.8883248730964467,0.6103355893965031,0.8101107110134439,quality,2,0,0,0,0,0,0,1,0,1,0.5,RTL,1.1,0.8911217821147883,14,False,False,True,False,False,1,flagged
240204,7,0.1616623330777208,0.07424775496171732,0.04746610006094585,0.06526806984631359,4,0.12058809306144336,1.139408207172898,-0.06874275152218035,ZA,25,1182425086.17142,21695873140.760002,39.13,1.08,815464.8503530356,1288.0,16.844622003695655,0.027600306670074112,0.059366128832134275,False,False,False,False,False,0,8.0,0.9197311507465203,0.11171334064578049,6.4712507409602855,2.9543753155379786,0.0005767495342339224,0.8248223296178285,1.038149642471937,5,0.00630584061580142,0.10093990424946235,ADVTECH LTD,25302010,1000000000,0.5901015228426396,0.19606598984771575,0.4450084602368866,0.8375634517766497,0.49287930062041735,0.5491010485833219,franchise,63,0,1,1,0,1,0,0,3,0,3.0,BMK|COV|STY,1.6,0.8785616777333151,15,False,True,False,False,True,1,flagged
229518,9,0.17951761322268617,0.035213246454882885,0.07844204902537583,0.06963219042350707,0,0.10322645454281987,1.0684617859524064,-0.062125932863804384,JP,20,3395727500.0,506825000000.0,4850.0,30.0,16562554.97709091,16146.582,31.388996135528867,0.006185567010309278,0.03185829822917181,False,False,False,False,False,0,10.0,0.4480652778571097,0.14178313739341036,113.15116279069767,5.456801661642048,1.9015308267912787,1.569372910660644,0.0,2,0.009603790865474091,0.11759199526879911,TECHNOPRO HOLDINGS INC,20202010,2000000000,0.8058375634517767,0.6656091370558376,0.4602368866328257,0.7055837563451777,0.6104765933446136,0.7211342313990546,quality,11,0,0,0,1,0,0,0,1,0,1.0,CPX,1.2,0.8653610776788655,16,True,False,True,False,False,2,flagged
025648,6,0.23175344216508753,-0.033129718192486224,0.0680968863297654,0.06781924679127208,0,-0.016876500231195468,0.9329074211197541,-0.058981550981709006,CH,35,273258951914.19998,241822081340.0,344.2,11.088999999999999,2865930.8990363637,12880.0,18.775006315217393,0.032216734456711214,0.053262298995313075,False,False,False,False,False,0,10.0,0.15212252488640354,0.19675238706571452,15.71875,4.243315635279582,-0.0060580615934187065,1.3387918006721975,0.7219848833388104,8,0.010313809574250564,0.2435005935816731,ROCHE HOLDING AG,35202010,2000000000,0.5926395939086294,0.7227157360406091,0.8037225042301185,0.4213197969543147,0.649252679075014,0.614667000681079,capital,37,0,0,0,1,1,0,0,2,0,2.0,CPX|STY,1.4,0.8605338009535106,17,False,False,False,False,False,0,picked
258559,6,0.30627015866366974,0.1250240284763886,0.050151024318087864,0.04248508093272581,0,0.11319469995385667,1.087069044075492,-0.0833907087754225,JP,50,2397817042.355,357883140650.0,1805.5,50.0,19719035.109074075,20031.761,17.865785272198487,0.027693159789531987,0.05597291049703433,False,False,False,False,False,0,10.0,0.2223674971685418,0.253857467946939,1173.5,9.414238466451728,-0.039522335628003225,1.2525467553666008,0.0,8,0.0,0.3232198201386608,KAKAKU.COM INC,50203010,2000000000,0.6408629441624366,0.8458121827411167,0.8155668358714044,0.8540609137055838,0.8384799774393682,0.7136021911522016,franchise,12,0,1,0,0,0,0,0,1,0,1.0,BMK,1.2,0.8563226293826419,18,False,False,False,False,False,0,picked
203402,6,0.22572383494433898,0.09462750391775354,0.07649163154300202,0.07941027138792701,2,0.11193813695541355,1.0898712350799142,0.02338391447960071,IN,30,23253247392.78552,1937770616065.46,154.66,14.5128,58503358.318423934,197306.2,9.821133933274576,0.09383680331048752,0.1018212364065153,False,False,False,False,False,0,10.0,0.26286559041265867,0.1831080244107283,345.7317182593091,10.039947498532676,0.018051157678374397,0.798175263731488,0.0,1,0.017399034950181094,0.2130020840035995,ITC LTD,30203010,1000000000,0.5824873096446701,0.7975888324873097,0.19373942470389172,0.5989847715736041,0.5301043429216018,0.5609400200940214,durability,52,1,0,0,1,0,0,1,2,1,2.5,ESG|CPX|RTL,1.5,0.8414100301410321,19,False,False,False,False,False,0,picked
321396,8,0.15106062205110268,-0.06170726946859839,0.03092535099326123,0.03062963382122667,1,0.1311364263947956,0.8730110444111749,-0.029240670733868972,IN,25,1864519912.05,155376659337.5,241.3,3.0,10488121.200462857,5559.5,27.9479556322511,0.012432656444260256,0.035780792454315695,False,False,False,False,False,0,10.0,0.467762590242705,0.10916016951894146,6.006699091493071,4.417115190826782,0.026343729475006405,1.2293734013477218,0.0,5,0.0055926350623888696,0.10473546818370635,CROMPTON GREAVES CONSUMER,25201040,1000000000,0.6700507614213198,0.424492385786802,0.5583756345177665,0.8578680203045685,0.6135786802030457,0.6468636208259787,franchise,24,0,1,0,0,0,0,1,1,1,1.5,BMK|RTL,1.3,0.8409227070737724,20,False,False,False,False,False,0,picked
215844,6,0.18204258659972763,0.2193920888206502,0.15959933020584618,0.16529082209571452,1,0.633484981526935,1.0094731469782916,-0.016418431952311408,TR,20,1176411600.0,42014700000.0,1729.0,147.5,3652513.8800677964,3362.162,12.496334204003258,0.08530942741469057,0.08002346797668435,False,False,False,False,False,0,10.0,1.1774977430255362,0.0704809631647854,4.0028614036017345,3.029280485346055,-0.6155555555555555,0.999783265828712,1.2205339867453078,6,0.020781335740556343,0.18011185847748726,CELEBI HAVA SERVISI AS,20305010,1000000000,0.5063451776649747,0.19860406091370555,0.7445008460236887,0.6878172588832487,0.5436407219402143,0.520946109650937,capital,87,0,1,1,0,0,1,1,2,2,3.0,BMK|COV|CTY|RTL,1.5999999999999999,0.8335137754414992,21,False,False,False,True,False,1,flagged
201060,7,0.41904577704933094,0.1606992508757823,0.05529408500163787,0.05569538297313566,0,0.08086288229409933,1.1385884634330288,-0.039888252581029696,IN,15,2201311648.03968,183442637336.64,185.46,8.5,6690726.18624,9499.3,19.311174227220956,0.04583198533376469,0.051783490130310354,False,False,False,True,False,0,10.0,0.24340793104387,0.38031487573253947,127.85607675906184,6.883897458618453,0.0,0.9316763815334308,0.0,8,0.012437873278452381,0.15989505430574952,CASTROL INDIA LTD,15101010,1000000000,0.815989847715736,0.8140862944162437,0.6015228426395939,0.5989847715736041,0.6715313028764806,0.754809500736397,quality,5,0,0,0,0,0,0,1,0,1,0.5,RTL,1.1,0.8302904508100367,22,False,False,False,False,False,1,flagged
275074,9,0.3089007521114854,0.0029019406077972487,0.05905036498187828,0.05282045121491401,0,0.0574835880236475,1.0591907751962961,-0.0940239542708352,SA,25,4368546000.0,16380000000.0,13.65,0.8600000000000001,5746909.741240079,1049.192,15.612013816346293,0.06300366300366302,0.06405323565323566,False,False,False,False,False,0,10.0,0.3019035536501984,0.29519880365321394,20.292212798766382,3.9247899909374175,9.0,1.0797966330620246,0.36079734523191487,2,0.008139692257726969,0.1058486807473201,JARIR MARKETING CO,25504040,1000000000,0.950507614213198,0.6935279187817259,0.3062605752961083,0.5989847715736041,0.5329244218838127,0.7541185246822592,quality,6,0,0,0,0,0,1,0,0,1,0.5,CTY,1.1,0.8295303771504852,23,False,False,True,False,False,1,flagged
326213,8,0.259145881492972,0.04784677816116423,0.0576035254552418,0.06313827653130193,2,0.1445036278913867,0.9485318034652204,-0.06292034793799303,AE,25,13070400000.0,48000000000.0,3.84,0.2058,8671915.068722684,2794.0,17.17967072297781,0.05359375,0.05820833333333333,False,False,False,False,False,0,10.0,0.39720782259463944,0.136992352845676,6.707727444756307,2.244700569182286,0.0,1.1927686119895815,1.0339175119427448,8,0.03326078416297505,0.09773515695469123,ABU DHABI NATIONAL OIL,25504050,1000000000,0.8781725888324874,0.5006345177664975,0.7030456852791879,0.5152284263959391,0.5729695431472082,0.7402877127422087,quality,9,0,0,0,0,0,1,0,0,1,0.5,CTY,1.1,0.8143164840164296,24,False,False,False,False,False,0,picked
203068,8,0.14030068030419413,0.22167933150900665,0.050190403539497996,0.03903190365228562,0,0.05361676833011875,1.298585904584402,-0.06855382245330252,GB,15,2215509432.081875,1744495615.8124998,21.987499999999997,0.505,2564640.47079057,82.5,21.145401403787876,0.022967595224559413,0.04729160638307227,False,False,False,True,False,0,10.0,0.5321451535750943,0.09044233807266983,10.27450980392157,6.008472283912039,0.002894501705239083,1.2357590855166403,0.27729257641921395,6,0.015730133764578238,0.09656947773021647,HILL & SMITH PLC,15104050,2000000000,0.649746192893401,0.4029187817258883,0.6175972927241963,0.4543147208121827,0.4916102650874224,0.5811585387765822,quality,46,0,1,0,0,1,0,0,2,0,2.0,BMK|STY,1.4,0.8136219542872151,25,False,False,False,False,False,1,flagged
275802,7,0.6,0.049113871141831966,0.039293128714749326,0.03841435245644491,0,0.08666533256475839,1.0,-0.1559273387681967,GB,50,4930776406.779,3882501107.7,5.1,0.2882,16428995.94782807,217.067,17.886187710246144,0.05650980392156863,0.055909063250362045,False,False,False,False,False,0,10.0,0.2318144371191747,0.6,474.9320594479831,21.40275389641141,-0.1285821233129948,1.0544872886837056,0.0,5,0.0,0.5770231755274615,RIGHTMOVE PLC,50203010,2000000000,0.8324873096446701,0.8451776649746192,0.7241962774957699,0.7804568527918783,0.7832769317540892,0.8124426380476844,durability,1,0,0,0,0,0,0,0,0,0,0.0,-,1.0,0.8124426380476844,26,False,False,False,False,False,0,picked
210701,8,0.24399313822523147,0.14499392505966657,0.13811642120309794,0.13978564021962397,0,0.042418783122790016,1.2362933136156542,-0.04564273779367222,MX,30,1811483922.993815,36969059652.935,23.095,2.04,3300341.255684828,7581.467,4.876240924472137,0.08833080753409829,0.20507600331668435,False,False,False,False,False,0,10.0,0.3752234872051859,0.17251290374052183,3.718906666999226,3.5406764443234615,-0.02552538210032973,1.190762731921991,0.8292235796766071,3,0.03404556436585477,0.1440192150995335,KIMBERLY-CLARK DE MEXICO SA,30301010,1000000000,0.8604060913705585,0.5196700507614213,0.6590524534686971,0.23096446700507614,0.46989565707839814,0.6754958081132512,quality,18,0,1,0,0,0,0,0,1,0,1.0,BMK,1.2,0.8105949697359014,27,False,False,False,False,False,0,picked
101538,6,0.22622529326658106,0.051283331570441515,0.03660407877675982,0.03596899494365234,0,0.09447029233332893,0.6114679276302157,-0.06240149315636665,DK,35,7761782139.999999,53529532000.0,254.66,23.3573,1491611.6822959888,3636.0,14.722093509350936,0.09171954763213697,0.06792512215500034,False,True,False,False,False,1,10.0,0.3095684153451839,0.13832951125125412,9.193710691823899,3.3245061200434343,0.06516301025780624,0.8495606554547743,2.3645083932853717,6,0.008417814310836208,0.1582744637890638,COLOPLAST A/S,35101020,2000000000,0.5850253807106599,0.5615482233502538,0.41793570219966164,0.7055837563451777,0.5616892272983643,0.5755767764490719,franchise,49,0,0,0,1,1,0,0,2,0,2.0,CPX|STY,1.4,0.8058074870287006,28,False,False,True,False,False,2,flagged
242084,8,0.14763449058574193,0.13223162634419272,0.04865051847630877,0.04235200933887599,0,0.13356665193287687,1.045078037934866,-0.027842630704025404,IT,45,3820230558.7920003,3537250517.4,94.55,1.15,4628537.696265841,250.889,14.098866500324846,0.012162876784769962,0.07092768769581295,False,False,False,False,False,0,10.0,0.49560552112720857,0.13188599674221763,29.798536375376667,5.088116427393845,-0.0034485524099766574,1.1205033182725088,0.0,6,0.01044622031916998,0.10799537259339768,REPLY SPA,45102010,2000000000,0.6649746192893401,0.572969543147208,0.6835871404399323,0.7563451776649746,0.6709672870840384,0.6673652367535702,franchise,20,0,0,0,0,1,0,0,1,0,1.0,STY,1.2,0.8008382841042841,29,False,False,False,False,False,0,picked
226899,5,0.21896355660648276,0.03479011925324449,0.12358124205705061,0.09342238171743243,0,0.06782753335857628,0.7301059725077631,-0.10099595393713041,ZA,25,1215792228.2518249,22308114279.85,55.15,6.57,3464318.688982322,2790.0,7.995739885250895,0.11912964641885766,0.12506659975828133,False,False,False,False,False,0,10.0,0.21916257414104895,0.12439696760854584,5.8671875,5.985171399847799,-0.09426509373182734,1.2486740392767133,1.1549668874172185,2,0.011504947098028821,0.18467425043700597,TRUWORTHS INTERNATIONAL LTD,25504010,1000000000,0.4352791878172589,0.5602791878172588,0.6700507614213197,0.5634517766497462,0.5979272419627749,0.4942197284898518,capital,100,0,1,1,1,0,0,0,3,0,3.0,BMK|COV|CPX,1.6,0.7907515655837629,30,False,False,False,False,False,0,skip_sector
212481,6,0.2113915699664727,0.06675644899810051,0.05224279444792353,0.046515938383693375,0,0.10255410767943807,0.8797845541630147,-0.07895039043094704,NZ,20,2873206495.447,4710174582.7,46.775,2.3889,1292763.0145723217,274.341,17.169050862612586,0.05107215392838055,0.058244337907904106,False,False,False,False,False,0,10.0,0.646477956412623,0.09815198863149183,12.790212938369422,3.6757324295344898,0.0,1.187956363813679,1.035296433470386,8,0.01776463212470584,0.06818658910831318,MAINFREIGHT LTD,20301010,2000000000,0.5571065989847716,0.407994923857868,0.6996615905245346,0.565989847715736,0.5578821206993796,0.5574166782186614,capital,56,0,1,0,1,0,0,0,2,0,2.0,BMK|CPX,1.4,0.7803833495061259,31,False,False,False,False,False,0,picked
201395,8,0.18589292126646711,0.38436751076145037,0.20231061208783646,0.2675177160461256,4,0.2446053619940729,1.2068676010069217,-0.07618385642946836,TW,45,279872647621.4936,8884845956237.893,342.614,4.95695,112459.93188605302,1717882.627,5.171974974654593,0.01446803107870665,0.19334973678343917,False,False,False,False,False,0,10.0,0.7027997332983148,0.14962782868848076,50.27342924723218,7.9905485264637655,8.268293792834669e-05,0.5301226406584243,0.0,3,0.004853780688814881,0.22083023484337455,TAIWAN SEMICONDUCTOR MFG CO,45301020,1000000000,0.7766497461928934,0.5602791878172588,0.3409475465313028,0.9467005076142132,0.615975747320925,0.7078815090527182,franchise,13,0,0,0,0,0,0,1,0,1,0.5,RTL,1.1,0.7786696599579901,32,False,True,False,True,True,2,flagged
103003,8,0.16580125336749524,0.0841097914299671,0.03554463422507949,0.03847951125598155,1,0.04707258755442467,1.0220355159122132,-0.049324781686922316,JP,15,5633853120.0,840873600000.0,6192.0,174.0,29167356.770925928,43043.346,19.53550730001334,0.02810077519379845,0.051188842175565984,False,False,False,True,False,0,10.0,0.33510011127577055,0.12603094600310166,80.1607898448519,8.246833144061451,-0.06320706858934788,0.7131721828709373,0.18284975985169788,8,0.02536573740866658,0.12287521232718279,NISSAN CHEMICAL CORP,15101020,2000000000,0.7182741116751269,0.6757614213197969,0.6362098138747885,0.2969543147208122,0.5363085166384659,0.6390576023814218,quality,27,0,0,0,0,1,0,0,1,0,1.0,STY,1.2,0.7668691228577061,33,False,False,False,False,False,1,flagged
286961,8,0.13812117116087874,0.06442889879343872,0.055816847035555936,0.04468137846532425,0,0.07617754987363168,1.1872640032371764,-0.05873070422140088,FR,20,13908120694.944483,12877889532.356,28.373425,3.023,12502183.57627898,588.0,21.901172674074832,0.1065433587943648,0.04565965552994038,False,False,False,False,False,0,10.0,0.22310360979820965,0.07378099498684891,9.142857142857142,3.190095939543638,-0.012469532893345625,1.4772539560143891,1.2605726872246696,5,0.006444146329071417,0.1267935250619692,BUREAU VERITAS SA,20202020,2000000000,0.6294416243654822,0.4777918781725888,0.7817258883248731,0.6954314720812182,0.6516497461928934,0.6382325765138934,capital,28,0,0,0,0,1,0,0,1,0,1.0,STY,1.2,0.7658790918166721,34,False,False,False,False,False,0,picked
216603,6,0.1850601790010946,-0.07772927149615172,0.0733534930133247,0.05186544447741842,0,0.03514761208927952,1.1274056318582202,-0.0804830917874396,CH,20,2458561869.5745,2175718468.65,51.8025,9.4308,1179115.649489363,97.9,22.223886298774257,0.18205298972057332,0.0449966304973021,False,False,False,False,False,0,10.0,0.26930951755200405,0.11618852459016393,4.554216867469879,1.9531540259338642,0.0004811161895597049,3.2175763970679654,0.8350368433563108,3,0.002661593546197166,0.07198499850889716,DORMAKABA HOLDINGS AG,20102010,2000000000,0.516497461928934,0.5196700507614214,0.6607445008460237,0.6040609137055838,0.5948251551043429,0.5465081534478916,capital,66,0,1,0,1,0,0,0,2,0,2.0,BMK|CPX,1.4,0.7651114148270483,35,False,False,False,False,False,0,picked
234178,7,0.16505568986065927,0.10597873301583838,0.13419015680872345,0.057741486633286335,0,0.08842585998738262,1.3941063387642063,-0.1536204870537704,SE,25,2004879360.0,20884160000.0,349.0,7.0,1870337.6427308535,882.2,23.67281795511222,0.02005730659025788,0.04224254171582673,False,False,False,False,False,0,10.0,0.5688312289338849,0.11218508016141349,7.0531107738998475,3.973226244478541,0.0020146933671432166,2.753105324110643,0.35940671350507425,1,0.018956758248990194,0.1228934545101418,CLAS OHLSON AB,25504030,2000000000,0.6027918781725887,0.392766497461929,0.49830795262267347,0.5050761421319797,0.4653835307388607,0.5435316513727881,quality,68,0,1,0,1,0,0,0,2,0,2.0,BMK|CPX,1.4,0.7609443119219034,36,False,False,False,False,False,0,skip_sector
100909,8,0.12763860519924944,0.16272131350929797,0.050337132243631635,0.039353914928635325,0,0.09730278924200819,0.7310241316880726,-0.03859394817901795,GB,20,3825982148.8078003,3012584369.1400003,6.355,0.226,5797627.378983333,152.6,19.741706219790306,0.035562549173878834,0.050654183020793726,False,False,False,False,False,0,10.0,0.5500420163944764,0.09285822134984147,8.254355400696864,4.96010383208486,0.05007990281665853,1.0686174413389478,1.1300031026993484,4,0.017088979317847686,0.07416334664423703,RS GROUP PLC,20107010,2000000000,0.5964467005076142,0.3711928934010152,0.467005076142132,0.5761421319796954,0.4714467005076142,0.5428952283091534,quality,69,0,0,0,1,1,0,0,2,0,2.0,CPX|STY,1.4,0.7600533196328146,37,False,False,True,False,False,1,flagged
100658,7,0.25275885629160016,0.4646928186098689,0.062214721258982364,0.06922143644204122,5,0.1481781038896921,1.0621508204514953,-0.014970351462869352,JP,45,5192333277.516743,774975116047.275,1643.175,1182.0,18511235.716115266,544131.021,1.424243584978911,0.7193390843945411,0.7021270873512884,False,False,False,False,False,0,10.0,0.5837232283960199,0.13963258819047134,320686.0,9.331318681931705,1.9455589069087527,0.6625603129991576,0.0,3,0.02581410459485381,0.13795249423423558,TOKYO ELECTRON LTD,45301010,2000000000,0.7576142131979695,0.6453045685279187,0.23773265651438238,0.565989847715736,0.483009024252679,0.6327774094110157,quality,29,0,0,0,1,0,0,0,1,0,1.0,CPX,1.2,0.7593328912932188,38,False,False,True,False,True,1,flagged
206248,8,0.49877961150979455,0.17981378280281346,0.0464140107693754,0.04372389023119043,0,0.1498840945444062,1.2029360987387068,-0.1397249080757184,GB,25,7081720604.4375,5576157956.25,168.75,4.75,12759221.115442982,196.1,28.435277696328406,0.028148148148148148,0.035167583403946184,False,False,False,False,False,0,10.0,0.6423488630506655,0.23338001179245285,152.1,12.47014299509997,0.009089517980107154,1.082821444113978,0.0,1,0.017947411658170754,0.33231267233087636,GAMES WORKSHOP GROUP PLC,25202010,2000000000,0.934010152284264,0.6427664974619289,0.32741116751269034,0.6548223350253807,0.5416666666666666,0.751110446715607,quality,7,0,0,0,0,0,0,0,0,0,0.0,-,1.0,0.751110446715607,39,False,False,False,False,False,0,skip_sector
314572,8,0.14648446894812506,0.24443669557082592,0.07225024475901956,0.06861812146858172,1,0.21212335909613333,1.412781644289743,-0.16319690048035163,IN,50,13882012427.334,1156834368944.5,438.5,0.0,37279270.42922144,99317.0,11.647898838512038,0.0,0.08585239396942987,False,False,False,False,False,0,10.0,0.8304531421102997,0.07725628681052811,3.03564790228359,4.755174516552804,0.4264080221973423,1.2328905761742504,0.8545865375850936,1,0.009264590992841387,0.25292442582936203,INDUS TOWERS LTD,50101020,1000000000,0.6573604060913706,0.24302030456852794,0.3307952622673435,0.850253807106599,0.47468979131415684,0.5770933662867122,franchise,47,0,0,0,0,1,0,1,1,1,1.5,STY|RTL,1.3,0.7502213761727258,40,False,False,True,False,False,1,flagged
211801,7,0.2994361335505185,1.4102210225812133,0.041006015955206906,0.04344954393193834,3,0.42870851452265635,1.3184460845880148,-0.07414945204059652,TW,45,24391794982.59,774342697860.0,1380.0,11.0,198778201.53975,26341.712,29.396065747738795,0.007971014492753623,0.03401815768754436,False,False,False,False,True,0,9.0,1.1948831086073068,0.2051147785699445,128.35533641596678,5.068599514810304,0.002982524773618822,0.9612852537620238,0.0,4,0.020376764943385643,0.10114654276337068,ACCTON TECHNOLOGY CORP,45201020,1000000000,0.782994923857868,0.4631979695431472,0.467005076142132,0.6903553299492386,0.540186125211506,0.6749517659134301,quality,19,0,0,0,0,0,0,1,0,1,0.5,RTL,1.1,0.7424469425047732,41,False,False,False,False,True,1,flagged
201389,6,0.2228650945210815,0.024975740382528144,0.06261670853833447,0.06705316125722267,2,0.008041330642330147,0.8856751378580229,-0.011576974018196459,TW,25,3368999749.5,106952373000.0,365.0,14.5,15174260.96571,6601.203,16.201951826053524,0.03972602739726028,0.06172095872991991,False,False,False,False,False,0,10.0,0.2816074985864573,0.19440630357342542,228.32114252061248,9.747320623246477,0.0,0.9426067200885934,0.0,8,0.01993018952847673,0.19844216262641132,NIEN MADE ENTRPRSE,25201020,1000000000,0.5774111675126904,0.7848984771573604,0.6133671742808798,0.2817258883248731,0.5599971799210377,0.5703815164244701,durability,50,0,0,0,0,1,0,1,1,1,1.5,STY|RTL,1.3,0.7414959713518111,42,False,False,False,False,False,0,skip_sector
102895,8,0.12859927192188608,0.1032106397693342,0.08732924721671234,0.07839907158296608,0,0.11597463733945679,1.2167266748249048,-0.03786291861133576,JP,20,5600007400.0,835822000000.0,3782.0,121.0,16116146.437962964,57512.454,14.532887085638878,0.03199365415124273,0.06880945225179523,False,False,False,False,False,0,10.0,0.6814419157595101,0.09216402996728137,53.97274979355904,6.495499514755066,-0.02719542124376262,1.1216262933629007,0.0,8,0.01429202004301882,0.07029817411057408,SANWA HOLDINGS CORP,20102010,2000000000,0.6040609137055838,0.4663705583756345,0.7597292724196277,0.6802030456852792,0.6354342921601804,0.6164199707473501,capital,36,0,0,0,1,0,0,0,1,0,1.0,CPX,1.2,0.7397039648968201,43,False,False,False,False,False,0,picked
200865,6,0.19672651264075272,0.23153777585109525,0.06682201958787284,0.07053623948582179,1,0.1927015501567153,1.071188371245929,-0.02145753598131256,TH,35,1099381270.6645126,38574781426.825005,96.95,5.0,15512517.038986607,7511.763,5.135250064042889,0.05157297576070139,0.19473248381846436,False,False,False,False,False,0,10.0,0.43166760891109607,0.05182166051838463,12.348774225868063,13.094075276459044,0.00047571943125102045,1.1761497220678776,0.0,1,0.03483133046294137,0.24482296324484293,BUMRUNGRAD HOSPITAL PCL,35102020,1000000000,0.5291878172588833,0.3711928934010152,0.3934010152284264,0.5507614213197969,0.43845177664974616,0.4908339972491815,franchise,103,0,1,1,0,0,0,1,2,1,2.5,BMK|COV|RTL,1.5,0.7362509958737722,44,False,False,False,False,False,0,picked
100245,8,0.22633016963787114,0.48372114094502927,0.038312922265032454,0.037679257026143456,0,0.25652169185942375,1.3878236613509054,-0.16362128934686995,JP,45,18054847341.221157,2694753334510.62,1525.415,98.0,19192563.116538912,161173.852,16.719544151061303,0.06424481206753573,0.05981024308826764,False,False,False,False,False,0,10.0,1.3130959073018764,0.052192611743648386,35.598778892280855,7.423793684020977,2.697906455519677,0.7486144955748912,0.0,2,0.026599211369207777,0.1563351434211849,ADVANTEST CORP,45301010,2000000000,0.8451776649746192,0.30901015228426393,0.19289340101522842,0.6065989847715736,0.36950084602368866,0.6070367469203544,quality,38,0,0,0,1,0,0,0,1,0,1.0,CPX,1.2,0.7284440963044252,45,False,False,True,False,False,1,flagged
222066,8,0.2045473447854465,-0.09432815369437486,0.06666915381206337,0.06860054960054027,3,0.03983225609302088,1.1004730209792637,-0.01511483571524486,ID,30,5625142198.884,90728099982000.0,780.0,56.2,3538916.996566038,6609456.0,13.727014747053312,0.07205128205128206,0.07284905119043916,False,False,False,False,False,0,10.0,0.517377412587188,0.18852898741865787,279.89876363636364,4.914446552128558,0.0,0.8557832929122865,0.0,1,0.035148485619782864,0.1274665379327252,HANJAYA MANDALA SAMPOERNA,30203010,1000000000,0.7944162436548223,0.6871827411167513,0.3079526226734349,0.22081218274111675,0.4053158488437676,0.6069407595790962,quality,39,1,0,0,0,0,0,0,1,0,1.0,ESG,1.2,0.7283289114949154,46,False,False,False,False,True,0,picked
104898,7,0.16901662988624605,-0.007044210449535737,0.06389416889154872,0.06033946348093182,0,0.03665789816018572,0.8321974562317783,-0.09491244881958359,GB,20,5770989507.2232,4544086226.16,8.43,0.21300000000000002,11720421.485060088,267.7,16.974546978558088,0.02526690391459075,0.05891173421377196,False,False,False,False,False,0,10.0,0.3756030161168346,0.11302718986559555,14.923076923076923,4.99771446373055,-0.0972233620113585,1.0370007342464456,0.6934770059649797,5,0.012881082092128758,0.12967237081393626,HOWDEN JOINERY GROUP PLC,20107010,2000000000,0.6230964467005076,0.5488578680203046,0.7106598984771573,0.4593908629441624,0.572969543147208,0.6025398564395619,capital,41,0,0,0,0,1,0,0,1,0,1.0,STY,1.2,0.7230478277274742,47,False,False,False,False,False,0,unreached
207914,7,0.14651257533079506,0.3141206824771967,0.12072192843191534,0.16392286487634813,4,0.14750737514824785,1.0734009341726942,-0.046140075528700905,JP,45,2267127863.1,338377293000.0,27350.25,98.0,21868876.098805703,19242.054,17.585300041253394,0.003583148234476833,0.056865677449579925,False,False,False,False,False,0,10.0,0.6295366869262229,0.06771684307736023,1708.3333333333333,16.97713330006696,0.0006487187804087302,0.6469907486374942,0.0,8,0.04268305097035854,0.15182417838650228,MARUWA CO LTD,45203015,2000000000,0.5469543147208121,0.4714467005076142,0.4636209813874788,0.4796954314720812,0.4715877044557248,0.5154607732923235,quality,89,0,1,0,1,0,0,0,2,0,2.0,BMK|CPX,1.4,0.7216450826092529,48,False,False,False,False,True,0,unreached
106747,7,0.12696332761701049,0.40374928606753135,0.1261457171287286,0.11130152704430551,0,0.10215991983836226,1.4246523421102668,-0.03758839274797494,MX,30,1370884201.645,27977228605.0,83.5,1.5,201603.59964807017,1786.383,15.66138314404022,0.017964071856287425,0.06385132084457941,False,False,False,False,False,0,10.0,0.6574174345982218,0.07504360679749482,3.5663452733257666,2.0267196048212894,-0.12556859738275272,2.7306620617079367,1.1920204193271848,8,0.018440524476437247,0.0899237385128351,GRUPO HERDEZ SAB DE CV,30202030,1000000000,0.4733502538071066,0.2544416243654822,0.9526226734348562,0.5482233502538071,0.5850958826847151,0.515229101791535,capital,90,0,1,1,0,0,0,0,2,0,2.0,BMK|COV,1.4,0.721320742508149,49,False,True,False,False,False,1,flagged
248962,8,0.1814102553074093,0.004269291827758925,0.10556691717194466,0.1033590595259,0,0.08056030257285429,0.6800919440657611,-0.037301682908220946,SA,15,17355246395.137558,65074039726.799995,136.7,7.0,24374827.445421595,4322.068,15.05622765000458,0.05120702267739576,0.06641769925680525,False,True,False,True,False,1,10.0,0.9139819634488342,0.08180876998462223,219.12845528455284,10.42239970117938,0.14248308601353132,1.0575514172943572,0.0,1,0.14178795297359467,0.423155455851144,SABIC AGRI-NUTRIENTS COMPANY,15101030,1000000000,0.7614213197969544,0.4600253807106599,0.2732656514382403,0.2563451776649746,0.3298787366046249,0.5448999258134577,quality,67,0,0,0,0,1,1,0,1,1,1.5,STY|CTY,1.3,0.7083699035574951,50,False,False,True,False,False,3,flagged
100057,8,0.16824987608675676,0.10552213467471461,0.05200123754111948,0.04490904572794443,0,0.05412644540607481,1.1742385353982994,-0.04240936707842113,GB,20,8818158549.8046,6943431928.98,28.11,0.7486999999999999,15655134.262183772,309.9,22.40539505963214,0.026634649590892918,0.044632107460658106,False,False,False,False,False,0,10.0,0.27836217269208635,0.14481362608505358,12.006493506493507,4.233165947991968,-0.09276734200002956,1.1360277962188028,0.9517638588912888,5,0.006469126030162996,0.12931656256179402,IMI PLC,20106020,2000000000,0.733502538071066,0.625,0.7445008460236887,0.6269035532994924,0.6654681331077271,0.7054916500380777,capital,15,0,0,0,0,0,0,0,0,0,0.0,-,1.0,0.7054916500380777,51,False,False,False,False,False,0,unreached
295526,5,0.37341408952721367,-0.000843953827916577,0.0745301944958365,0.05852898423057203,0,0.08607118445834439,0.8577498966011491,-0.07391781872700964,DK,25,5572857500.0,38433500000.0,486.5,20.3639,2825135.9683456365,5241.0,7.333237931692425,0.04185796505652621,0.13636541038417005,False,False,False,False,False,0,10.0,0.16042789382831404,0.2744997057092407,9.263593380614656,2.6800808724404894,-0.25174313031090423,1.2003039622072316,1.3153602609613355,5,0.01628173692069323,0.20530328073320506,PANDORA AS,25203010,2000000000,0.5317258883248731,0.6833756345177664,0.7901861252115059,0.5558375634517767,0.6764664410603496,0.5854788159733122,capital,45,0,0,0,0,1,0,0,1,0,1.0,STY,1.2,0.7025745791679746,52,False,False,False,False,False,0,unreached
271210,8,0.1665812708807387,-0.041220520216856515,0.09568784938507083,0.09193220722743772,1,0.1830833920485433,0.9256992622157217,-0.016101549874516636,IN,10,5013900294.148801,417825024512.4,278.55,10.0,12184356.789353572,39726.8,10.517459863678928,0.03590019745108598,0.0950799920286273,False,False,False,True,False,0,10.0,0.3122359769828546,0.08959967009494828,11.9766506126928,8.861901221354719,0.0,0.8948540629610469,0.0,5,0.039977617946579516,0.07442927212321687,PETRONET LNG LTD,10102040,1000000000,0.7233502538071066,0.4993654822335025,0.5287648054145516,0.5228426395939086,0.516990975747321,0.6324152994367865,quality,30,0,0,0,0,0,0,1,0,1,0.5,RTL,1.1,0.6956568293804652,53,False,False,False,False,False,1,flagged
209183,7,0.12175089442668,0.178577008887725,0.11771799833396686,0.10063709438123385,0,0.06261830896092979,1.05065953782154,-0.025351908201792884,JP,45,2510041770.0,374633100000.0,1640.25,74.0,12505443.142763773,50013.515,7.490637280743015,0.04511507392165828,0.1334999897232786,False,False,False,False,False,0,10.0,0.4040093472029343,0.07481111242637364,106.9023178807947,6.414373005005676,-0.07611139583547866,0.8946505293909708,0.0,6,0.012149820468181414,0.07517373341555707,TIS INC,45102010,2000000000,0.44543147208121825,0.5450507614213198,0.6683587140439933,0.5380710659898477,0.5838268471517202,0.49634330042363095,capital,98,0,1,0,1,0,0,0,2,0,2.0,BMK|CPX,1.4,0.6948806205930833,54,False,False,False,False,False,0,unreached
270827,8,0.18606042905822237,0.9299132118092905,0.04936546158624665,0.05547337404787141,3,0.2888650671157973,1.6397774166234524,-0.0486263189498882,TW,45,9005573304.0,285891216000.0,3000.0,32.2,90797981.4315,9837.067,29.062648043364963,0.010733333333333334,0.03440842687520696,False,False,False,False,False,0,10.0,1.0160852185541285,0.11768134156964631,95.16785290628707,13.529679689175776,0.0,0.8093949224035237,0.0,2,0.0886284889969215,0.4186971316765461,KING SLIDE WORKS CO LTD,45202030,1000000000,0.7791878172588833,0.5031725888324873,0.37140439932318103,0.5,0.45819232938522275,0.6300926562675004,quality,31,0,0,0,0,0,0,1,0,1,0.5,RTL,1.1,0.6931019218942506,55,False,False,False,False,True,0,unreached
245663,6,0.20587443752315662,0.03695301902148662,0.05842317704080974,0.04411734175622619,0,0.09512219352577445,1.1508643876365996,-0.08562656356606778,ES,25,170991995328.0,158325921600.0,50.8,1.81385,11989518.377963686,6220.0,25.454328231511255,0.035705708661417326,0.03928604954351328,False,False,False,False,False,0,10.0,0.4212485113760859,0.07686752988047808,21.51274787535411,5.751277772171191,0.0003740056746130982,1.3868125251234336,0.0,5,0.006559106184845186,0.19101956044093957,IND DE DISENO TEXTIL SA,25504010,2000000000,0.5418781725888325,0.48032994923857864,0.6598984771573604,0.7563451776649747,0.6321912013536379,0.5763421381997296,franchise,48,0,0,0,1,0,0,0,1,0,1.0,CPX,1.2,0.6916105658396755,56,False,False,False,False,False,0,unreached
248872,7,0.12254153332553519,-0.08947601722888487,0.06758321358856885,0.05049906091463517,0,0.04348365734239956,1.0276820621685916,-0.06180944390184916,SA,15,1334326770.0,5003100000.0,32.7,2.5,1309244.39637516,363.683,13.75676069544081,0.0764525993883792,0.07269153125062461,False,False,False,True,False,0,10.0,0.31240090165917034,0.10111731909204756,12.423345903325334,5.285968752218668,0.0,1.3241682741313703,0.3007224763041029,2,0.02656072469644676,0.3306411956391525,SAUDI CEMENT CO,15102010,1000000000,0.45558375634517767,0.5399746192893401,0.5676818950930625,0.2766497461928934,0.46143542019176537,0.45791546387989435,capital,120,0,1,1,0,0,1,0,2,1,2.5,BMK|COV|CTY,1.5,0.6868731958198415,57,False,False,False,False,False,1,flagged
249780,7,0.2019919779671096,1.23714111101336,0.043927040637584375,0.04516736419101862,2,0.014123511248211429,0.8844088610114187,-0.05797148298977549,TW,25,3292816882.6665,104533869291.0,381.0,17.0,15148267.06428,5514.937,18.954680586741063,0.04461942257217848,0.052757417642769845,False,False,False,False,True,0,9.0,0.8471801035905705,0.178643495167335,55.79472455569377,12.272609648131917,0.0,0.87828839040441,0.0,2,0.024916418180462828,0.14380135075804473,ECLAT TEXTILE CO LTD,25203030,1000000000,0.6763959390862944,0.44035532994923865,0.4035532994923858,0.23857868020304568,0.36082910321489003,0.5260671925938558,quality,82,0,0,0,0,1,0,1,1,1,1.5,STY|RTL,1.3,0.6838873503720125,58,False,False,False,False,False,1,flagged
201260,7,0.13920227292908266,-0.02738486579446464,0.09387147636216084,0.08588257112338937,0,0.05913940023331232,0.8458014762158981,-0.10035438144329897,FR,25,92327428343.80801,85488359577.6,473.6,17.441,1098383.3671992633,4531.0,18.867437558508055,0.036826435810810805,0.05300136793345642,False,False,False,False,False,0,10.0,0.45101555222335504,0.06215518253316117,14.825520833333334,2.13089474886568,0.0,2.581012837048932,0.9454142194110158,6,0.00514217227130753,0.17457189448702037,CHRISTIAN DIOR SE,25203010,2000000000,0.5266497461928934,0.39276649746192893,0.7774957698815567,0.6598984771573604,0.610053581500282,0.5585477671059121,capital,55,0,0,0,0,1,0,0,1,0,1.0,STY,1.2,0.6702573205270945,59,False,False,False,False,False,0,unreached
239498,7,0.1397936389184085,0.13642209295366436,0.0611953565852841,0.05534413888217711,0,0.11628841600202966,1.1874163874151382,-0.03978766206044745,JP,45,7839221468.232,1170033054960.0,3079.0,90.0,24951602.430462964,64304.906,18.195082268839645,0.029230269568041572,0.05495990538677421,False,False,False,False,False,0,10.0,0.4625554383903578,0.12360117713257486,1268.840909090909,6.221297487654677,0.9999841773904401,1.0908727504096816,0.0,2,0.009032104105270906,0.052212227840909155,OTSUKA SHOKAI CO LTD,45102010,2000000000,0.5317258883248731,0.674492385786802,0.3570219966159052,0.7538071065989848,0.5951071630005641,0.5562253197528977,franchise,58,0,0,0,0,1,0,0,1,0,1.0,STY,1.2,0.6674703837034772,60,False,False,True,False,False,1,flagged
101023,7,0.2507949649738306,-0.05997748693578431,0.04627401893070113,0.039719000527491444,0,0.016948055303152243,1.1016496060294672,-0.03663770771638771,FI,20,27749038450.437565,25693554120.77552,56.69524,3.2164,16902820.676508483,980.1,26.21523734391952,0.056731394028846166,0.03814575419939673,False,False,False,False,False,0,10.0,0.2922261904047858,0.22294163123308855,33.88861386138614,2.7219766273066437,-0.0012008657088387054,1.0806392336735202,0.0,9,0.02905116855438735,0.09423828067258914,KONE OYJ,20106020,2000000000,0.7550761421319796,0.7214467005076142,0.7284263959390863,0.20050761421319796,0.5501269035532995,0.6652419113290258,quality,21,0,0,0,0,0,0,0,0,0,0.0,-,1.0,0.6652419113290258,61,False,False,False,False,False,0,unreached
102277,8,0.12832029445823995,0.19498512351845565,0.08257722022885806,0.08736118672862302,0,0.0245781513484169,1.2172498916921537,-0.06492691977181969,ZA,30,2747876799.07104,50419757781.12,296.38,16.439999999999998,7874617.274182054,4094.0,12.31552461678554,0.055469329914299204,0.08119832740515513,False,False,False,False,False,0,10.0,0.5575244784823741,0.09951300724702193,11.736802413273002,6.953842530805692,-0.09067357512953356,0.8576692252383781,0.0,5,0.014426453427772708,0.07083429817296427,TIGER BRANDS LIMITED,30202030,1000000000,0.6015228426395939,0.4282994923857868,0.6294416243654822,0.40609137055837563,0.4879441624365482,0.5532218506858374,capital,60,0,0,0,1,0,0,0,1,0,1.0,CPX,1.2,0.6638662208230048,62,False,False,False,False,False,0,unreached
221261,7,0.11644814866615028,0.04596907198124023,0.059973007731435976,0.06671347913505647,4,0.12797909382212436,1.163126520163902,-0.05150766188828473,CH,30,19650079539.09,18194518091.75,50.05,0.0,3038444.492210526,940.4,19.347637273234795,0.0,0.051685897656525925,False,False,False,False,False,0,10.0,0.2907272032129839,0.08776523824117975,9.727272727272727,4.14994958694794,-0.002237025935776793,1.1696734254291719,0.7009372177055103,1,0.010166121957982194,0.07599380512575016,COCA-COLA HBC AG,30201030,2000000000,0.4149746192893401,0.49048223350253806,0.4695431472081219,0.7538071065989848,0.5712774957698815,0.47157607955743847,franchise,113,1,0,0,0,1,0,0,2,0,2.0,ESG|STY,1.4,0.6602065113804139,63,False,False,False,False,True,0,unreached
287622,5,0.5170345727175935,0.07405413358029711,0.049281514222651465,0.05150688913554693,2,0.09662813718634378,0.8699019944605892,-0.08447163627628175,JP,25,3584027734.94997,534929512679.1,599.675,37.0,14302962.370162038,45345.317,11.7967972895437,0.061700087547421525,0.08476877032432927,False,False,False,False,False,0,10.0,0.5408016348505548,0.4497694060121131,513.936507936508,7.694134400511251,1.9180344139049676,1.0332234015252517,0.0,1,0.00846976958662241,0.22019022937639848,ZOZO INC,25504010,2000000000,0.549492385786802,0.7112944162436547,0.22758037225042302,0.7106598984771573,0.5498448956570784,0.549633362607175,durability,61,0,0,0,1,0,0,0,1,0,1.0,CPX,1.2,0.65956003512861,64,False,False,True,False,False,1,flagged
278569,6,0.2155331472452545,0.2700239940051894,0.033566700530725205,0.03819593028736757,1,0.43484353475162796,0.8377437036585084,0.04736224086684363,KR,50,1665585562.5,2220780750000.0,62500.0,0.0,23873386.717924528,160561.918,13.831304319620795,0.0,0.07229976124387787,False,False,False,False,False,0,10.0,1.0243049632042234,0.15226202425907745,635.188131413177,6.344265003190982,0.07353918665780412,0.8050195263141369,0.0,1,0.05874847011931704,0.17517822815332176,JYP ENTERTAINMENT CORP,50202010,1000000000,0.5621827411167513,0.5920050761421319,0.17681895093062605,0.5304568527918782,0.43309362662154544,0.5064764101952108,durability,95,0,1,0,0,0,0,1,1,1,1.5,BMK|RTL,1.3,0.6584193332537741,65,False,False,True,False,False,1,flagged
284882,7,0.21939266255752626,-0.010454373580750853,0.034012242891224266,0.02726250762190422,0,0.07235887454899581,1.059535106885098,-0.02624130503755487,IN,30,2334413020.413,194534418367.75,443.05,10.0,3514448.3816035716,8064.681,24.121774732038382,0.02257081593499605,0.04145631949177465,False,False,False,False,False,0,9.0,1.6560075583004232,0.1423580723044079,39.459239109959086,9.171051330132746,-0.03840858272660186,1.0654877525630746,0.0,1,0.015723300136043408,0.19926001689781442,EMAMI LTD,30302010,1000000000,0.7119289340101522,0.3730964467005076,0.48138747884940775,0.5203045685279187,0.45826283135927803,0.5969086052459859,quality,42,0,0,0,0,0,0,1,0,1,0.5,RTL,1.1,0.6565994657705845,66,False,False,False,False,False,0,unreached
212635,7,0.15693485808476648,-0.06587634318024371,0.026606424178006037,0.023752678166114937,0,0.11840409396896856,1.1242933365984522,0.05432577512073391,AU,35,5032173448.0941,7624505224.384999,116.585,5.6696,16376848.812549109,388.9,19.605310425263564,0.04863061285757173,0.051006588434906484,False,False,True,False,False,1,9.0,0.8609368152607518,0.0937180070526675,28.7,6.373377197623256,-0.004414876611810392,0.8515386648568775,0.0,2,0.007707754237768609,0.14743891804415657,COCHLEAR LTD,35101010,2000000000,0.5748730964467005,0.2931472081218274,0.43316412859560066,0.7969543147208122,0.5077552171460801,0.5470221958051974,franchise,64,0,0,0,1,0,0,0,1,0,1.0,CPX,1.2,0.6564266349662369,67,False,False,False,False,False,1,flagged
321600,7,0.17135112674663106,0.1464413723195348,0.0582970873264228,0.04804994380749543,0,0.13628038930443553,1.622939118941848,-0.07719843892862828,IT,25,3613748094.0,3346063050.0,16.62,0.6,1474943.446257611,115.125,29.064608469055376,0.036101083032490974,0.03440610600568331,False,False,False,False,False,0,10.0,0.3628814942912868,0.10078945329590198,9.965419261229671,4.080935766335532,-0.01741933561153941,1.3639936799293053,0.0,4,0.007159178235665309,0.1339281474320865,TECHNOGYM SPA,25202010,2000000000,0.6307106598984771,0.5006345177664975,0.7377326565143824,0.8299492385786802,0.68943880428652,0.6535764455973627,franchise,23,0,0,0,0,0,0,0,0,0,0.0,-,1.0,0.6535764455973627,68,False,False,False,False,False,0,unreached
292107,7,0.13914979870984764,0.3223771629501855,0.04803131802269073,0.0621450835687866,3,0.15522930673730562,1.1510172876593372,-0.04233869661255667,TW,45,1642743483.4125,52150586775.0,1785.0,22.0,50323585.1076,1327.396,39.28788905119497,0.012324929971988795,0.02545313642830052,False,False,False,False,False,0,10.0,0.8580587204633122,0.07952712993698367,30.41459074733096,4.530323693985679,0.020195645313979105,0.8462609367329031,0.0,2,0.016394684284818526,0.16772112377627368,GRAND PLASTIC TECH CORP,45301010,1000000000,0.5241116751269035,0.391497461928934,0.2910321489001692,0.7055837563451777,0.4627044557247603,0.4986269791992968,franchise,97,0,1,0,0,0,0,1,1,1,1.5,BMK|RTL,1.3,0.6482150729590859,69,False,False,False,False,True,0,unreached
243773,7,0.16216573492616587,0.08535846304794781,0.03929755330306025,0.03347155770286076,0,0.09991404713271201,0.9599426707401328,-0.013986564046320843,IN,45,5005489767.9408,417124147328.39996,2187.7,57.0,17026711.269257143,17021.39,24.505880385115432,0.02605476070759245,0.04080653232141734,False,False,False,False,False,0,10.0,0.43839876453049054,0.09304358661171536,11.490778096191262,5.6733732690402405,0.018982930908779005,1.0909697620608971,0.0,8,0.009506078081936459,0.13088174457076984,MPHASIS BFL LTD,45102010,1000000000,0.5951776649746192,0.46002538071065996,0.5820642978003384,0.6979695431472082,0.5800197405527355,0.589067530511968,franchise,43,0,0,0,0,0,0,1,0,1,0.5,RTL,1.1,0.6479742835631649,70,False,False,False,False,False,0,unreached
318688,6,0.16775662419198462,0.19145219033615635,0.034651547248409166,0.034551212158171675,1,0.05966749919261516,1.0380864034008561,-0.07285147840801477,TH,30,1018875000.0,35750000000.0,35.75,1.2999999999999998,5054608.875760045,2319.564,15.412379222991907,0.03636363636363636,0.06488290909090909,False,False,False,False,False,0,7.0,1.561906597056096,0.08567856275821165,12.98515381088575,6.507445010313816,0.0,1.0780311895052563,0.23520946645136007,1,0.04442924838214513,0.13792945910467722,CARABAO GROUP PUBLIC CO,30201030,1000000000,0.4708121827411168,0.1846446700507614,0.39932318104906933,0.24873096446700507,0.27756627185561195,0.38111434183570003,quality,155,1,1,1,0,0,0,1,3,1,3.5,ESG|BMK|COV|RTL,1.7000000000000002,0.6478943811206901,71,False,False,False,False,False,0,unreached
176152,7,0.24027361790833904,0.14097880966245557,0.14669645703493409,0.13592712408520521,0,0.16321233705261062,1.0648829496658725,-0.07516709792454877,MX,20,2127643015.68952,43421286034.479996,127.58,11.5352,4512690.917680086,5341.704,8.128733084888268,0.09041542561530021,0.12302040054175864,False,False,False,False,False,0,10.0,0.4555959366513019,0.09215699682407615,6.060178165597895,4.025599809985997,-0.011585269108495444,1.2984630198019531,1.0859808869348697,3,0.0561132829877705,0.4315161462569089,GRUPO AEROPORTUARIO DEL CENT,20305010,1000000000,0.7449238578680203,0.3953045685279188,0.6844331641285956,0.4873096446700508,0.5223491257755217,0.6463257802322667,quality,25,0,0,0,0,0,0,0,0,0,0.0,-,1.0,0.6463257802322667,72,False,False,False,False,False,0,unreached
101343,7,0.14735461660765553,0.03649481006847677,0.0916324200975895,0.07251420479555866,0,-0.006493193299179079,1.123257928321407,-0.040052278763860194,CH,20,20965594242.216,18553623223.2,276.6,12.0,4884060.404438621,1015.0,18.279431746995073,0.04338394793926247,0.05470629578867453,False,False,False,False,False,0,10.0,0.34421539050525907,0.12135529157667387,34.94444444444444,4.918817719500494,0.0006585741868854189,1.3346003356585707,0.0,8,0.022353653470235588,0.10366061582182899,SCHINDLER HOLDING AG,20106020,2000000000,0.549492385786802,0.6313451776649746,0.700507614213198,0.23604060913705582,0.5226311336717427,0.5385860721200697,capital,71,0,0,0,1,0,0,0,1,0,1.0,CPX,1.2,0.6463032865440836,73,False,False,False,False,False,0,unreached
245672,6,0.29935288363522067,0.09558514603640966,0.11064607791820276,0.08671964719240129,0,0.21027913733051062,1.4619452151180283,-0.11147508527755315,CH,25,5658332558.6664,5239196813.58,14.61,1.3,8352225.708005455,483.417,10.83784147760629,0.0889801505817933,0.09226929569566522,False,False,False,False,False,0,10.0,0.5994495262697586,0.05723602905618569,10.266373460668511,2.7309700329887736,0.05596633656952221,1.433985558557084,0.2367961466900496,2,0.08242771037747258,0.47369241197728307,ALLWYN AG,25301010,2000000000,0.6357868020304569,0.2848984771573604,0.4906937394247039,0.48223350253807107,0.4192752397067118,0.5382531639799863,quality,72,1,0,0,0,0,0,0,1,0,1.0,ESG,1.2,0.6459037967759836,74,False,False,True,False,False,1,flagged
100241,5,0.5922406432924153,0.13449995782870183,0.050694595071354764,0.05492466094305567,2,0.09043246023128759,1.0131016957303849,-0.02648073098899993,MY,30,1506127704.88,6664281880.0,22.06,1.5499999999999998,761316.1080727272,459.344,14.508259343759796,0.07026291931097008,0.06892625616250193,False,False,False,False,False,0,10.0,0.2790208156166595,0.4215859286377228,47.250237944162436,4.309057850630693,0.0,0.9355434657065039,0.2018691300828266,2,0.04811021680318389,0.13931950432371076,HEINEKEN MALAYSIA BHD,30201010,1000000000,0.5520304568527918,0.7658629441624365,0.4289340101522843,0.3477157360406091,0.51417089678511,0.5365631217265436,durability,73,0,1,0,0,0,0,0,1,0,1.0,BMK,1.2,0.6438757460718524,75,False,True,False,False,False,1,flagged
318510,7,0.1365675333850443,0.2192678157825032,0.08623641388356462,0.06622120033516947,0,0.11894921681152226,1.3674450527256623,-0.06823313770154563,JP,20,35137110192.4893,5244344804849.149,3353.35,24.5,150616313.21804115,408498.742,12.838092913512936,0.007306126709111784,0.07789318917823335,False,False,False,False,False,0,10.0,0.5103415616088365,0.07663791756331109,41.283975659229206,6.14271767628329,-0.11021086328344532,1.6021607942517613,0.0,2,0.03352377832529182,0.14254999543424138,RECRUIT HOLDINGS CO LTD,20202010,2000000000,0.5139593908629442,0.4790609137055838,0.7461928934010151,0.4720812182741117,0.5657783417935701,0.534091677763117,capital,75,0,0,0,1,0,0,0,1,0,1.0,CPX,1.2,0.6409100133157403,76,False,False,False,False,False,0,unreached
298660,6,0.2069461695381205,0.11219196191132141,0.07262555454914009,0.05698131001445814,0,0.03469234109524466,0.8561853379090023,-0.08687155180661414,SG,30,2852961457.4999995,3803948609.9999995,2.53,0.064,7056555.1875,149.455,25.45213348499548,0.02529644268774704,0.039289437193527184,False,False,False,False,False,0,9.0,0.6425094371338078,0.1771842760949694,32.29348845937324,4.958005550365833,0.0,1.2799105858282815,0.0,3,0.011230473755772765,0.12418454629603082,SHENG SIONG GROUP LTD,30101030,2000000000,0.5469543147208122,0.4416243654822335,0.6125211505922166,0.47461928934010156,0.5095882684715172,0.5316898872698914,capital,76,0,1,0,0,0,0,0,1,0,1.0,BMK,1.2,0.6380278647238696,77,False,False,False,False,False,0,unreached
104558,8,0.11653355863474198,0.1230377019877733,0.07589204519892848,0.04649733770739408,0,0.05690179000501816,1.2895506594396717,-0.17124164231745803,TH,50,30176331981.456,1058818666016.0,356.0,15.3,58404205.85525,47885.902,22.111281646443665,0.04297752808988764,0.04522578184249388,False,False,False,False,False,0,10.0,0.4643424306865764,0.0944879471357246,5.553838293650794,1.2439002273223663,7.061197041013934e-05,2.1022386678294978,1.3645059441005358,1,0.02152983058299807,0.34467906750503763,ADVANCED INFO SERVICE PCL,50102010,1000000000,0.5304568527918782,0.39530456852791873,0.5135363790186125,0.3680203045685279,0.4256204173716864,0.4857345770711146,quality,107,0,0,0,0,1,0,1,1,1,1.5,STY|RTL,1.3,0.631454950192449,78,False,False,False,False,False,0,unreached
234225,7,0.1399947789125151,0.14844340115733168,0.035164728503708644,0.025154334882669115,0,0.1275170015286986,0.9232837044667337,-0.03727732983311457,SE,20,6485714892.4800005,67559530130.0,159.4,2.5244,5132391.067111111,3633.0,18.596072152491054,0.01583688833124216,0.053774796731257256,False,False,False,False,False,0,10.0,0.4991473917224369,0.12925489808034832,9.498062015503876,3.2635725716398407,4.000011797043661,1.164903608317594,1.2827897783425102,4,0.01780736423340097,0.15247243081798298,LIFCO AB,20105010,2000000000,0.5342639593908629,0.48540609137055835,0.4230118443316413,0.6192893401015228,0.5092357586012408,0.5241083561007898,franchise,85,0,0,0,0,1,0,0,1,0,1.0,STY,1.2,0.6289300273209477,79,False,False,True,False,False,1,flagged
209301,6,0.5988673740922771,-0.0937584003522739,0.04520664800808159,0.04489728674322215,0,-0.05197461963409222,0.9924348798634112,-0.12534539737564265,ID,30,4446764000.0,71722000000000.0,1880.0,134.0,4273319.614735849,3537297.0,20.2759338557096,0.07127659574468086,0.0493195532751457,True,False,False,False,False,1,10.0,0.25221210123182997,0.5943368704613855,38.85352996920161,1.38574839553585,-0.004423774574049744,1.2430693892904732,0.0,2,0.016894898749781406,0.15290011253660316,UNILEVER INDONESIA,30301010,1000000000,0.684010152284264,0.7696700507614214,0.5905245346869712,0.29187817258883253,0.5506909193457417,0.6271922664955047,durability,32,0,0,0,0,0,0,0,0,0,0.0,-,1.0,0.6271922664955047,80,False,False,False,False,False,1,flagged
102283,6,0.2200663256575856,0.036084606213451,0.02875526990525623,0.02883061457236511,1,-0.03626634957584429,0.980818923246339,-0.030461815292294737,CH,15,16981019053.699999,15027450490.0,642.5,13.95,2365400.809152884,466.505,32.212839069248986,0.02171206225680934,0.03104352267275379,True,False,False,True,False,1,10.0,0.16348147757173814,0.19735744623399132,478.61436170212767,13.743916965373195,0.0,0.9040050391257857,0.0,2,0.038273174094149834,0.20243358359671043,EMS-CHEMIE HOLDING AG,15101050,2000000000,0.5697969543147208,0.8420050761421319,0.4170896785109983,0.1116751269035533,0.4569232938522279,0.5216382072273537,durability,86,0,0,0,1,0,0,0,1,0,1.0,CPX,1.2,0.6259658486728243,81,False,False,False,False,False,2,flagged
248015,7,0.20528354633882823,0.20368618142116035,0.022871255606318017,0.01845044902757086,0,0.17194481861937105,1.2173181165111562,0.0009111617312072893,AU,50,14725890700.5936,22311955606.96,168.88,2.62,34619635.15772143,677.9,32.9133435712642,0.0155139744197063,0.030382814126276567,False,False,False,False,False,0,10.0,0.34214075722868753,0.16972296480755852,27.03802281368821,7.26901765239087,0.0021637626693997714,1.2922450874032685,0.0,1,0.033097422453090296,0.33783583623916436,REA GROUP LTD,50203010,2000000000,0.6840101522842639,0.6643401015228425,0.4137055837563452,0.5558375634517767,0.5446277495769881,0.6244209056218007,quality,33,0,0,0,0,0,0,0,0,0,0.0,-,1.0,0.6244209056218007,82,False,False,False,False,False,0,unreached
327466,7,0.17145688640157059,0.07638633818157081,0.048124232242336654,0.03912170440263894,0,0.11827164852665284,0.8931325643221802,-0.025285729968408086,SE,20,16274977224.307201,169531012753.2,205.8,5.89805,2664551.197107692,8602.0,19.708325128249246,0.028659135082604467,0.050739978841055036,False,False,False,False,False,0,10.0,0.3056397001450878,0.1394462555672896,9.22399392558846,6.153728013288355,0.003822528776202594,0.890505917936742,0.7518387181507749,7,0.00867550749315401,0.1369932715800916,EPIROC AB,20106010,2000000000,0.633248730964467,0.5691624365482234,0.4906937394247039,0.7690355329949239,0.6096305696559504,0.6236936055290694,franchise,34,0,0,0,0,0,0,0,0,0,0.0,-,1.0,0.6236936055290694,83,False,False,False,False,False,0,unreached
100013,7,0.10684854647692248,0.013031493814550599,0.11094410070521768,0.09453483042147337,0,0.033516591960578435,0.8955653450592508,-0.08166300377192803,FR,20,2352140679.0959997,2177908036.2,53.3,4.829000000000001,830967.6183157894,86.295,25.23794004519381,0.0906003752345216,0.03962288515660513,False,False,False,False,False,0,10.0,0.20307362475968246,0.09568985539468447,15.474118213554831,6.814386979574238,-0.09547314123087858,1.3570408940050118,0.0,2,0.013612732346932952,0.11250266651147718,SOCIETE BIC SA,20201060,2000000000,0.37182741116751267,0.5970812182741116,0.7055837563451776,0.44416243654822335,0.5822758037225042,0.4448937852746015,capital,124,0,1,0,0,1,0,0,2,0,2.0,BMK|STY,1.4,0.6228512993844421,84,False,True,False,False,False,1,flagged
287930,5,0.20338921856343703,0.1310726170608827,0.06225941807060855,0.055774918238320426,0,0.21110251496055987,0.9139232534457555,-0.037376712818113604,IN,20,1692179328.3995998,141014944033.3,2998.7,1.0,5805728.2800857145,5410.92,26.061177033351072,0.0003334778403975056,0.038371252331399985,False,False,False,False,False,0,10.0,0.30842353149195256,0.12683478149986352,18.571484933668685,9.824850064532832,0.300831024930748,0.9569159287578237,0.0,8,0.016333237945356235,0.17087466996768755,ECLERX SERVICES LTD,20202030,1000000000,0.4048223350253807,0.6123096446700507,0.4957698815566836,0.7411167512690355,0.6163987591652565,0.47896456196818604,franchise,111,0,1,0,0,0,0,1,1,1,1.5,BMK|RTL,1.3,0.6226539305586418,85,False,False,True,False,False,1,flagged
319382,6,0.1591491197066409,-0.1058563136473345,0.02846409441497752,0.03371226735664126,5,0.05381836206767199,0.9536528136437338,-0.06508607301237997,ID,35,1828376494.8300002,29489943465000.0,2070.0,43.0,556786.3710566037,1364806.709,21.60741390742973,0.02077294685990338,0.046280411172025956,False,False,False,False,False,0,10.0,0.5922148729037081,0.12055751561604444,77.7626168315954,12.516957279499344,-0.02341682021436753,0.7925803655117128,0.0,2,0.02089432249620674,0.1980466995445631,MITRA KELUARGA KARYASEHAT,35102020,1000000000,0.43781725888324874,0.5564720812182741,0.43824027072758037,0.3553299492385787,0.45001410039481105,0.4426558165610128,durability,125,0,1,0,0,1,0,0,2,0,2.0,BMK|STY,1.4,0.619718143185418,86,False,True,False,False,True,1,flagged
106815,7,0.17347393687027504,-0.029397040495484084,0.08523671615574634,0.0861115036533772,0,-0.017767498829761474,1.24981646231689,-0.09007213741979196,GR,50,7248336942.299031,6711423094.721325,16.618475,0.7415,7790186.525163401,726.0,9.244384427990806,0.04461901588442983,0.10817377920504136,False,False,False,False,False,0,9.0,0.5159426908262835,0.0659469150719102,15.006535947712418,1.3737676198230666,-0.13724670620096313,1.2118529960529856,0.4017588695129286,4,0.013734815888827393,0.2008309553434124,OTE - HELLENIC TELECOM ORG,50101020,1000000000,0.6383248730964467,0.25,0.7631133671742809,0.38071065989847713,0.46460800902425264,0.5621597369880607,capital,51,0,0,0,0,0,1,0,0,1,0.5,CTY,1.1,0.6183757106868668,87,False,False,False,False,False,0,unreached
212712,7,0.12352688735382378,0.04823905985561727,0.04933742727213834,0.036633830275034904,0,0.13632438049490636,0.980349991739213,-0.053852998159148034,JP,35,3295567400.28888,491875731386.39996,781.4,36.0,21159579.112875,53667.313,9.1652759173242,0.04607115433836703,0.10910746266894164,False,False,False,False,False,0,10.0,0.3149623240209608,0.11507459237842449,45.334368530020704,7.670812132273008,1.9862992313011563,1.1020559906709364,0.0,2,0.007960071156855243,0.12214134111964894,SYSMEX CORP,35101010,2000000000,0.45812182741116747,0.640228426395939,0.3367174280879865,0.817258883248731,0.5980682459108855,0.5096697856464418,franchise,93,0,0,0,1,0,0,0,1,0,1.0,CPX,1.2,0.6116037427757302,88,False,False,True,False,False,1,flagged
243484,5,0.33017199191979857,1.0549610739667914,0.200052995599251,0.2018015839051342,1,0.2675151244574392,1.252065730199136,-0.319611304129289,TW,20,6423724656.09,203927766860.0,1070.0,28.0,128520114.345,9069.393,22.485271821388707,0.026168224299065422,0.044473556199074636,False,False,False,False,True,0,10.0,1.2539336931656409,0.17227990102234217,25.724477475383036,3.241134036245146,-0.008919810900008818,1.839345733398018,0.0,4,0.03555966321147315,0.21438634972967502,UNITED INTEGRATION SERVICE,20103010,1000000000,0.5190355329949239,0.49555837563451777,0.7715736040609137,0.5634517766497462,0.6101945854483926,0.5537396146691116,capital,59,0,0,0,0,0,0,1,0,1,0.5,RTL,1.1,0.6091135761360228,89,False,False,False,True,False,2,flagged
334426,5,0.30651059461334007,-0.05573665551356566,0.05856309786163705,0.06466610257290153,4,0.027087344700306604,0.8018020103799121,-0.06542173658059722,SA,10,1750362768000.0,6563040000000.0,27.12,1.3112,84307418.57717003,348042.0,18.85703449583671,0.0483480825958702,0.0530306077671323,False,False,False,True,False,0,10.0,0.4871618373736707,0.17201864097423775,35.13999524149417,6.3552297843993015,0.1905643451798653,0.9046665135529081,0.09048797558318242,3,0.028838226394983648,0.21756443666719982,SAUDI ARABIAN OIL CO,10102010,1000000000,0.5139593908629442,0.625,0.3595600676818951,0.21573604060913706,0.40009870276367737,0.4649691517990067,durability,115,1,0,0,0,0,1,0,1,1,1.5,ESG|CTY,1.3,0.6044598973387088,90,False,False,True,False,True,2,flagged
201099,5,0.20640547921168592,0.496391521155249,0.06088642004039455,0.06302951192642076,1,0.1549859031718246,0.9815549247070143,-0.06887590438092361,JP,50,4535839089.132525,676990908825.75,1693.5,42.0,33038359.362258013,48454.726,13.971617728800075,0.024800708591674048,0.07157367310005003,False,False,False,False,False,0,9.0,0.839125288919678,0.09947410200436595,480.5,10.31790744228199,2.9181482227416007,0.8520120824229334,0.0,2,0.014696390106780775,0.244075921131107,CAPCOM CO LTD,50202020,2000000000,0.4149746192893401,0.40355329949238583,0.22673434856175975,0.7360406091370559,0.45544275239706716,0.4307114719139231,franchise,134,0,0,0,1,1,0,0,2,0,2.0,CPX|STY,1.4,0.6029960606794923,91,False,False,True,False,False,1,flagged
279381,8,0.1384226855406847,0.28732313432278356,0.07168863238125768,0.06669483909682464,0,0.08020770462051718,1.4310002802500368,-0.12256118264994963,AE,50,12404818523.087236,45555705189.450005,10.05,0.5800000000000001,4644595.681511579,2905.085,15.681367391814698,0.057711442786069655,0.06376994907484766,False,False,False,False,False,0,10.0,0.3919754804777328,0.07525349461482275,11.029919504890401,2.6088080517934236,0.0,1.2002765407638893,0.0,4,0.06602923168297599,0.1600937639148074,EMIRATE INTEGRATED TELECOM,50101020,1000000000,0.631979695431472,0.42956852791878175,0.6150592216582064,0.2766497461928934,0.4404258319232939,0.5469794226606031,quality,65,0,0,0,0,0,1,0,0,1,0.5,CTY,1.1,0.6016773649266635,92,False,False,False,False,False,0,unreached
100023,5,0.16124895165739456,0.12952029102833262,0.28029205945333846,0.2816550449100805,1,0.08056277793750599,1.3590845134217093,-0.075651545538545,MY,20,1237574182.282,5475991957.0,16.7,1.35,495838.124,486.026,11.266870408167465,0.08083832335329343,0.08875579142856654,False,False,False,False,False,0,10.0,0.2591871712181806,0.10289466360666694,186.61631555356345,10.882015680850461,0.012557480866230541,1.4481098302669675,0.0,1,0.032341897359856535,0.15381609789997658,HONG LEONG INDUSTRIES BHD,20105010,1000000000,0.3109137055837563,0.7062182741116751,0.4323181049069374,0.36040609137055835,0.4996474901297236,0.37588016099014,durability,158,0,1,1,1,0,0,0,3,0,3.0,BMK|COV|CPX,1.6,0.601408257584224,93,False,True,False,True,False,2,flagged
288911,6,0.12704612507934118,-0.04135086857554293,0.07968678514172692,0.062286006088338765,0,-0.02539325089115252,0.8825999265647271,0.004585369866064841,TH,55,1063235250.0,37306500000.0,9.35,0.6,709834.0843881696,3266.088,11.42238053598066,0.06417112299465241,0.0875474247115114,True,False,False,False,False,1,10.0,0.22998256252766827,0.11036049967359841,13.914492195954884,5.608386410003437,0.0,1.0643390990655788,0.790003448848468,8,0.019429373453594394,0.576361918698644,TTW PCL,55104010,1000000000,0.33375634517766495,0.5996192893401014,0.6539763113367174,0.2563451776649746,0.5033135927805977,0.39336270552748553,capital,150,0,1,1,0,0,0,1,2,1,2.5,BMK|COV|RTL,1.5,0.5900440582912283,94,False,True,False,False,False,2,flagged
246780,7,0.12219333257672926,-0.06274149931370843,0.057734328147452565,0.036700438858450354,0,0.03058169721978543,1.0881118980899145,-0.03235305100088578,CH,45,5680664613.0,5680664613.0,79.0,2.8539000000000003,4037590.803703704,280.606,20.24427351161415,0.03612531645569621,0.04939668491567749,False,False,False,False,False,0,10.0,0.17531033458187165,0.09381893786819251,7.556665439145645,2.058273001624882,-0.0701499958564682,2.1437216644748345,1.511789811260955,3,0.018359837402924222,0.3496043041765418,TEMENOS AG,45103010,2000000000,0.45050761421319796,0.5298223350253807,0.8045685279187816,0.3299492385786802,0.5547800338409475,0.4896317936327057,capital,106,0,0,0,0,1,0,0,1,0,1.0,STY,1.2,0.5875581523592468,95,False,False,False,False,False,0,unreached
274722,7,0.1523792235825233,0.06170636558231868,0.10192260246391602,0.07871699307379468,0,0.06392758553960576,0.9193202459292054,-0.10389629806829737,FR,35,13958135901.935999,12924199909.199999,154.2,1.7991,7555789.002076295,443.5,29.141375218038327,0.011667315175097276,0.03431547044427081,False,False,False,False,False,0,10.0,0.39033688912712805,0.12765019458407653,28.445983379501385,4.262244609815681,-0.002635332801431134,1.6727522372754364,0.0,8,0.019685445919464965,0.2623726021440239,IPSEN SA,35202010,2000000000,0.5647208121827411,0.6110406091370558,0.8375634517766498,0.41116751269035534,0.6199238578680203,0.5861862354471953,capital,44,0,0,0,0,0,0,0,0,0,0.0,-,1.0,0.5861862354471953,96,False,False,False,False,False,0,unreached
275527,6,0.15122112486563238,-0.03563600011667123,0.117782057861419,0.1359029886819563,4,0.10775284955977193,0.5716345180094293,-0.08176856598755526,IN,55,1838539189.8336003,153211599152.80002,271.55,5.0,1660212.405075,11110.844,13.789375420337107,0.018412815319462345,0.07251960074458202,False,True,False,False,False,1,10.0,0.4089031092903912,0.0864432148254095,14.471880553246338,5.789138325514475,0.0001950005406834432,1.1875039368009643,0.0,8,0.06007755978339693,0.11257811298731324,GUJARAT STATE PETRONET,55102010,1000000000,0.4149746192893401,0.4727157360406091,0.6615905245346869,0.38071065989847713,0.5050056401579244,0.448881195686484,capital,123,0,1,0,0,0,0,1,1,1,1.5,BMK|RTL,1.3,0.5835455543924292,97,False,False,False,False,True,1,flagged
212427,5,0.2661820200996007,-0.23162788751540042,0.08906813867216105,0.09364698296316894,3,-0.0861572879471586,0.5236331335041228,-0.10238547255468428,AU,15,58654281687.9,58654281687.9,19.05,2.0694,131756298.8795,3373.0,17.38935122677142,0.10862992125984251,0.05750645823177523,True,True,False,True,False,2,10.0,0.5376675662785855,0.08053719708523979,16.766233766233768,5.973114026244268,-0.0010212124973275616,0.8612078636756353,0.14485006518904825,2,0.07093319684519904,0.2777301772365516,FORTESCUE LTD,15104050,2000000000,0.4961928934010152,0.42576142131979694,0.43147208121827413,0.1,0.31907783417935703,0.41586175128750835,quality,141,0,0,0,1,1,0,0,2,0,2.0,CPX|STY,1.4,0.5822064518025116,98,False,False,False,False,True,3,flagged
223732,5,0.17854966489691526,0.04558994820584106,0.25566921123770164,0.14464024183110774,0,0.0973056680983535,1.688193285912945,-0.07322031380310594,JP,45,2627208755.899592,392120709835.76,2782.94,370.0,21432680.581086706,34523.169,11.358189911122006,0.13295292029292763,0.08804219755304445,False,False,False,False,False,0,10.0,0.1922721851466585,0.09855577731004352,728.8604651162791,3.012001936434039,-0.06092211730550867,2.307642673023013,0.0,3,0.011423693128319451,0.22909602386350877,TREND MICRO INC,45103020,2000000000,0.36675126903553296,0.7354060913705583,0.8045685279187816,0.6700507614213198,0.7366751269035533,0.48476736809125714,capital,108,0,1,0,0,0,0,0,1,0,1.0,BMK,1.2,0.5817208417095086,99,False,False,False,True,False,1,flagged
206524,6,0.20997159249301928,-0.12070389538662629,0.22710995233296435,0.2361661054702935,2,0.04511945211266122,1.1909212022247726,0.003649965229034758,PL,20,2878707472.2252,11423442350.1,447.45,25.43,2196003.160431818,748.014,15.271695917589778,0.05683316571683987,0.06548061232991227,False,False,False,False,False,0,9.0,0.9773440884017097,0.11482042722498875,30.382854008843797,1.530169215475874,0.0,1.2985742548761607,0.0,1,0.017934164243375076,0.0856287112569915,BUDIMEX SA,20103010,1000000000,0.549492385786802,0.3274111675126904,0.48054145516074454,0.3756345177664975,0.39452904681331075,0.4812919531030113,quality,109,0,0,0,0,1,0,0,1,0,1.0,STY,1.2,0.5775503437236136,100,False,False,False,True,False,1,flagged
278971,6,0.1205591809502589,0.12014917442573925,0.06408777444226674,0.037424688713421764,0,0.09722814602385998,1.0982982478408883,-0.09152005883237599,TW,25,1653019395.867,52476806218.0,493.0,22.7723,6049047.895064999,3142.531,16.6988985050585,0.04619127789046654,0.059884189349200236,False,False,False,False,False,0,10.0,0.5353514653853052,0.09548108139386233,15.128979533363287,2.259313501253173,0.08939960075753706,1.6519394695415688,2.1208559093627857,2,0.006862011025866266,0.18694412179423595,POYA INTERNATIONAL CO LTD,25503030,1000000000,0.29314720812182743,0.4524111675126904,0.5076142131979695,0.7461928934010151,0.5687394247038916,0.3821349774303062,franchise,154,0,1,0,0,1,0,1,2,1,2.5,BMK|STY|RTL,1.5,0.5732024661454593,101,False,False,True,False,False,1,flagged
200258,7,0.11687192973889449,1.40487912363827,0.05505763328851278,0.06778512550815755,5,0.7301228969576308,0.8684714687238358,-0.056206637148011794,TR,20,40729920000.0,1454640000000.0,319.0,0.2346,376339161.18186444,29949.517,48.56973152521959,0.000735423197492163,0.020588954655447397,False,False,False,False,True,0,9.0,1.8868402977922658,0.0718095502754322,4.061467750781701,3.9334272575863993,1.0,0.6050495511135334,0.29823470041944866,3,0.013494363759499589,0.10222656448321943,ASELSAN ELEKTRONIK SANAYI VE,20101010,1000000000,0.42005076142131975,0.1,0.24534686971235195,0.8324873096446701,0.39261139311900733,0.4088520927146399,franchise,147,1,0,0,0,0,1,1,1,2,2.0,ESG|CTY|RTL,1.4,0.5723929298004958,102,False,False,True,False,True,2,flagged
017420,6,0.19608312781073037,0.07494387279817016,0.0600767739891051,0.0528159835612743,0,0.10995182962902827,0.9194531494848559,-0.029908124732354886,SE,20,19464320577.84057,202753339352.50592,82.44599,3.9873,1374959.1772197732,26420.0,7.674236917203101,0.04836257045369945,0.13030611522538882,False,False,False,False,False,0,10.0,0.278243544117197,0.17904259556542626,42.26170468187275,5.015415716218939,3.007040173177363,0.9898365968112813,0.4371141619828619,3,0.007925384123655635,0.16172279265152173,ATLAS COPCO AB (PUBL),20106020,2000000000,0.5266497461928934,0.7341370558375635,0.3460236886632826,0.7690355329949239,0.6163987591652567,0.5608643420630948,franchise,53,0,0,0,0,0,0,0,0,0,0.0,-,1.0,0.5608643420630948,103,False,False,True,False,False,1,flagged
228918,6,0.21022563189691712,-0.0408640255492273,0.03459387534998073,0.03563958227008919,0,-0.022230126453593013,0.9105017134058819,-0.07177052634386377,CH,20,21780422246.664,19274709952.800003,568.2,19.973300000000002,6653779.158348816,597.8,32.242739967882244,0.03515188313973953,0.031014733890361787,True,False,False,False,False,1,10.0,0.1470147480011233,0.1470296093084855,25.686868686868685,2.7987350276931284,-0.07444001571885706,1.0515708234284427,0.8291999137373302,8,0.02056041467204517,0.21171934704592316,GEBERIT AG,20102010,2000000000,0.5520304568527918,0.7163705583756346,0.7631133671742809,0.2436548223350254,0.5743795826283137,0.5608638142713158,capital,54,0,0,0,0,0,0,0,0,0,0.0,-,1.0,0.5608638142713158,104,False,False,False,False,False,1,flagged
255700,5,0.23610426328501508,0.032956302998302656,0.05782545105265209,0.05604151379608545,0,0.0826268020869092,1.063273939692934,0.018006310778461043,IN,45,7010202382.2,584183531850.0,6712.5,395.0,12543518.887178572,23796.0,24.549652540342915,0.05884543761638734,0.04073377406693153,False,False,False,False,False,0,10.0,0.3022545883809268,0.21915995388568815,96.3482158739194,13.160455567674596,0.01145798157873279,0.9393041787989439,0.0,4,0.016388002403975487,0.3247566952130624,ORACLE FINANCIAL SVCS SOFTWA,45103010,1000000000,0.4682741116751269,0.7569796954314721,0.4382402707275803,0.5380710659898478,0.5777636773829667,0.5093310860592472,durability,94,0,0,0,0,0,0,1,0,1,0.5,RTL,1.1,0.560264194665172,105,False,False,False,False,False,0,unreached
321867,5,0.16344305191615083,-0.1692851791065133,0.03994702632464443,0.07942092729314307,5,0.35535576726216345,0.8769035017670722,-0.04666645369453407,IN,55,1235472936.1128,102956078009.4,1042.3,30.0,3919639.8212785716,10405.7,9.894200102770595,0.02878250023985417,0.10106931228528296,False,False,False,False,False,0,10.0,0.487107302638655,0.1415345795953033,86.92176386913229,5.927787018841869,0.0,0.466115633303945,0.0,1,0.12279474070110105,0.09677394265747127,MAHANAGAR GAS LTD,55102010,1000000000,0.32614213197969544,0.6389593908629441,0.2318104906937394,0.49492385786802034,0.45523124647490126,0.37268075705222,durability,161,0,1,1,0,0,0,1,2,1,2.5,BMK|COV|RTL,1.5,0.55902113557833,106,False,False,False,False,True,0,unreached
202427,7,0.10831800759526329,-0.007544871878524595,0.3240311579325031,0.22059985316919772,0,0.13005169015621965,1.051230537158352,-0.02013043574800675,JP,25,2280397874.8992,340357891776.0,1106.0,48.0,5563622.652962963,32292.113,10.53996967544366,0.0433996383363472,0.09487693331128175,False,False,False,False,False,0,10.0,0.36354329507207,0.0700330418963821,40.911646586345384,3.001866599669705,0.9095704596834966,1.4008518669873486,0.0,3,0.006613733899338132,0.05748057686744159,NOJIMA CORP,25504020,2000000000,0.38197969543147203,0.5120558375634517,0.5169204737732657,0.8375634517766497,0.6221799210377891,0.4642913188364771,franchise,116,0,1,0,0,0,0,0,1,0,1.0,BMK,1.2,0.5571495826037726,107,False,False,True,True,False,2,flagged
100697,7,0.12788167528926597,0.27970617692524113,0.08618920609190246,0.09807693948665415,3,0.14370578590761385,0.8534747892002736,-0.06452128414888858,JP,15,7725131477.564131,1153004698143.9001,580.86,212.0,32104640.255653,534016.686,2.1591173616322172,0.36497606996522397,0.46315222033323605,False,False,False,True,False,0,10.0,0.5342386627855422,0.07019089093056019,467.0473017988008,12.294068905594266,3.713458026717813,0.7065991087633421,0.0,2,0.020614084199643848,0.15768707856051442,SHIN-ETSU CHEMICAL CO LTD,15101050,2000000000,0.4860406091370558,0.5044416243654822,0.17258883248730963,0.6015228426395939,0.4261844331641285,0.4611503758429411,franchise,118,0,0,0,1,0,0,0,1,0,1.0,CPX,1.2,0.5533804510115293,108,False,False,True,False,True,2,flagged
315002,5,0.3610677642186616,0.2651613496744085,0.030554347273003567,0.032176843174332434,2,0.04885689256164216,0.8813092774665401,-0.06369101664879007,TW,20,2276433759.096,72267738384.0,824.0,41.0043,25234000.32699,3520.875,20.525505274683137,0.0497625,0.04871987250094322,False,False,False,False,False,0,10.0,0.49346856385497395,0.2924052894344113,65.3982107858633,6.520609326637458,0.0030651340996168397,0.9947478255489834,0.0,2,0.025135432083789933,0.17647517061216667,VOLTRONIC POWER TECH CORP,20104010,1000000000,0.5291878172588833,0.6782994923857868,0.38917089678510997,0.30964467005076146,0.459038353073886,0.49992573247502453,durability,96,0,0,0,0,0,0,1,0,1,0.5,RTL,1.1,0.549918305722527,109,False,False,False,False,False,0,unreached
101241,6,0.17927323435113812,0.12653769129972137,0.03734276417865673,0.03394579882781822,0,0.08103206075461644,1.1963234774014104,-0.013046592643979801,GB,20,3835498937.16052,3020077903.276,3.668,0.1745,5376418.31970579,115.4,26.170519092512997,0.04757360959651036,0.038210934848674265,False,False,False,False,False,0,10.0,0.2538495525701992,0.11856758505602288,68.75858991521642,8.493534796341144,-0.05475406606045197,0.9598510573968575,0.0,4,0.014652444493729162,0.13974245746551275,ROTORK PLC,20106020,2000000000,0.49873096446700504,0.6986040609137055,0.6362098138747885,0.5685279187817258,0.6344472645234066,0.5491335918993531,durability,62,0,0,0,0,0,0,0,0,0,0.0,-,1.0,0.5491335918993531,110,False,False,False,False,False,0,unreached
314580,5,0.19075917655429928,1.8654481614034872,0.05730692944185387,0.0597605531633129,0,-0.038820892832616916,0.5641875753260798,0.0008384659690647153,TW,20,1044023611.6863,33143606720.2,82.7,6.0,6443061.576525,2084.358,15.901110423545282,0.07255139056831922,0.06288868974328159,True,True,False,False,True,2,9.0,0.940970394663135,0.10762395729136967,26.21022859808724,3.649899351836838,0.03334656916841139,0.738052688688988,0.0,7,0.017914553666826843,0.06025396292263013,CHICONY POWER TECH CO LTD,20104010,1000000000,0.3946700507614213,0.3096446700507614,0.4060913705583756,0.2639593908629442,0.32656514382402707,0.36587137637819284,capital,164,0,1,1,0,0,0,1,2,1,2.5,BMK|COV|RTL,1.5,0.5488070645672892,111,False,False,False,False,False,3,flagged
206012,6,0.2885675038340299,-0.11882325518397863,0.1935810134037834,0.1725452444998556,0,-0.0009179685244212754,0.6480166740044923,-0.049008589899905655,PH,10,2118472933.808,119015333360.0,28.0,1.25,1565420.5121481481,13060.189,9.112833923000656,0.044642857142857144,0.1097353478017431,False,True,False,True,False,1,9.0,0.7428347012385802,0.058092471025401195,19.361400853234898,11.101369093973947,0.0,1.0151031316484413,0.0,1,0.07043717085757478,0.3383503220763656,SEMIRARA MINING AND POWER CO,10102050,1000000000,0.633248730964467,0.1903553299492386,0.3790186125211506,0.1,0.22312464749012972,0.4172185561592508,quality,140,1,0,0,0,0,1,0,1,1,1.5,ESG|CTY,1.3,0.5423841230070261,112,False,False,False,True,False,3,flagged
105104,6,0.18418414262255373,-0.005444694296184993,0.07132430568189015,0.08340842778892672,2,0.08293841414567327,0.9826670794602471,-0.06580694485589082,MX,30,24953649072.984867,509258144346.62994,29.189999999999998,1.69,21861187.326509397,49890.741,10.207468041948504,0.057896539910928406,0.0979674877149172,False,False,False,False,False,0,10.0,0.20114452552303755,0.1531420828764839,8.619057163591842,3.1291260644475236,-0.009689427590669486,0.9108279810633075,0.5048147325275198,1,0.004456409520557104,0.052192638327480036,WAL MART DE MEXICO S A B D,30101040,1000000000,0.5088832487309645,0.6338832487309645,0.39509306260575294,0.7436548223350254,0.5908770445572477,0.5402188577554113,franchise,70,0,0,0,0,0,0,0,0,0,0.0,-,1.0,0.5402188577554113,113,False,False,False,False,False,0,unreached
256183,5,0.18422231043404064,0.3355183893195657,0.04643286958334247,0.0664376766424222,3,0.10856543152966625,1.2287230911385114,0.06737746626494237,TW,45,1722546126.0,54684004000.0,231.5,5.0,33929704.93311,2478.679,22.06175305475215,0.02159827213822894,0.045327313632703266,False,False,True,False,False,1,10.0,0.47688442962556454,0.07797267448662551,439.8784128139789,10.500334861132771,0.0,0.565883785459013,0.0,2,0.0238672084299492,0.1449143648106262,TEST RESEARCH CO LTD,45203010,1000000000,0.3819796954314721,0.5615482233502538,0.31895093062605756,0.5126903553299492,0.4643965031020869,0.41302823666440086,durability,144,0,1,0,0,0,0,1,1,1,1.5,BMK|RTL,1.3,0.5369367076637211,114,False,False,False,False,True,1,flagged
244417,5,0.24653132111350548,0.1000854167280294,0.025334000834113524,0.025147167791459292,0,0.1273737663303225,1.0336315121687076,0.0006709647433363291,DE,20,8146798699.320001,7543332129.0,663.4417,15.8436,6484510.023101771,253.847,29.71605781829212,0.023880922769853027,0.033651839221568496,False,False,False,False,False,0,10.0,0.423299745956179,0.15296893847215418,174.6874019864088,12.322526856728635,0.0,0.9660479247127055,0.0,5,0.01728751586109903,0.18120534271306862,RATIONAL AG,20106020,2000000000,0.47842639593908626,0.7011421319796954,0.5626057529610828,0.6294416243654822,0.6310631697687535,0.5344636994454351,durability,74,0,0,0,0,0,0,0,0,0,0.0,-,1.0,0.5344636994454351,115,False,False,False,False,False,0,unreached
223492,8,0.11120939038719209,0.14564039278022944,0.050059616196089875,0.0409891092591991,0,0.12541772841455057,0.9919911097914929,-0.031071170620590033,SE,20,19327678646.508,201329985901.125,190.825,10.40135,3075022.8514012014,14701.0,13.694985776554317,0.05450727105987162,0.07301942596479293,False,False,False,False,False,0,10.0,0.3749148155432741,0.08613741358408965,7.05682145947505,3.2174199413887474,0.0,1.1734101206813619,2.160445739059748,3,0.014233251978535645,0.12146381363705834,ASSA ABLOY AB,20102010,2000000000,0.5101522842639594,0.42195431472081213,0.5736040609137055,0.6979695431472082,0.5645093062605753,0.5312370345385217,franchise,77,0,0,0,0,0,0,0,0,0,0.0,-,1.0,0.5312370345385217,116,False,False,False,False,False,0,unreached
028844,7,0.10722629300760556,-0.20994275269429907,0.18414977360841034,0.25277280519765,4,0.10696575947509346,1.1027242585857366,-0.022257740652985823,MX,30,2867930151.4164,58529186763.6,111.44,11.2034,2960253.8929735087,23845.0,2.4545685369511427,0.10053302225412779,0.40740357620737505,False,False,False,False,False,0,10.0,0.2210183386920469,0.07295165171186525,4.537853297442799,3.1493838221433412,0.0,0.9589524112951938,1.0537975879928925,4,0.008967455309143347,0.07875814844712324,COCA-COLA FEMSA SAB DE CV,30201030,1000000000,0.3743654822335025,0.43337563451776645,0.5287648054145516,0.733502538071066,0.5652143260011281,0.441430913368026,franchise,126,1,0,0,0,0,0,0,1,0,1.0,ESG,1.2,0.5297170960416312,117,False,False,False,True,True,1,flagged
100581,6,0.16156709536537678,0.06091093932814884,0.029682855430243592,0.029250801159035757,0,0.08076797314333972,0.8876330397005776,-0.04281292257388643,FR,30,209206648162.36798,193709859409.59998,362.9,17.50925,10477005.825101553,6127.2,31.614743995560776,0.048248139983466526,0.03163081124871409,False,False,False,False,False,0,10.0,0.23961614450079574,0.11998642107596805,23.236743438671667,3.382187168812851,-0.04659815100594411,1.057821736423589,0.194678841608687,8,0.008377346841869693,0.15358860370435118,LOREAL SA,30302010,2000000000,0.44289340101522845,0.6491116751269036,0.751269035532995,0.6675126903553299,0.6892978003384096,0.5286184083500023,capital,78,0,0,0,0,0,0,0,0,0,0.0,-,1.0,0.5286184083500023,118,False,False,False,False,False,0,unreached
103200,6,0.15269665649119704,0.37051852556200426,0.10717980870529624,0.10182264287509471,0,0.055469425842881614,1.0084237195304724,-0.03764351590438547,DE,15,2458922400.0,2276780000.0,34.76,1.4894,1486015.309188,306.0,7.44045751633987,0.04284810126582279,0.13440033731849366,False,False,False,True,False,0,10.0,0.5669789964965619,0.13500876680303917,39.36363636363637,6.221291546327694,-0.05755395683453235,0.8506967279849953,0.0,1,0.01709340327799024,0.07068370983963632,FUCHS SE,15101010,2000000000,0.42258883248730966,0.5577411167512689,0.41201353637901855,0.4365482233502538,0.46876762549351375,0.440487768867455,durability,127,0,1,0,0,0,0,0,1,0,1.0,BMK,1.2,0.5285853226409459,119,False,False,False,False,False,1,flagged
101310,7,0.1337908348060863,0.06470387891749652,0.07525101433294337,0.05580626754473093,0,0.013784710882370543,1.2732914247128742,-0.04840638851755435,CH,35,264686459935.1,264686459935.1,125.3,7.0,1908115.194887069,13984.0,18.92780748963816,0.0558659217877095,0.05283232094089292,False,False,False,False,False,0,10.0,0.17737438072349376,0.06319557058796275,14.734265734265735,3.40536312757487,-0.15449601253444,1.325558984479677,1.0039580613920587,8,0.018730887044845067,0.2927436631877597,NOVARTIS AG,35202010,2000000000,0.5063451776649746,0.4993654822335026,0.8900169204737732,0.29949238578680204,0.5629582628313593,0.528273087070223,capital,79,0,0,0,0,0,0,0,0,0,0.0,-,1.0,0.528273087070223,120,False,False,False,False,False,0,unreached
100095,8,0.10929436299109252,0.0489180510589573,0.072605377467344,0.046111666526434086,0,0.035941671024251276,0.9102725157092828,-0.050139768194725265,GB,20,9173756910.412401,7223430638.120001,22.28,1.36005,16309679.15695351,459.2,15.730467417508715,0.061043536804308796,0.06357090183391215,False,False,False,False,False,0,10.0,0.2860413977230005,0.09948765475274532,4.2882984737139624,3.0540803177952185,-0.03885710179554669,1.7551918311837853,2.024671194017021,8,0.020161603397262546,0.07286705933340494,BUNZL PLC,20107010,2000000000,0.5050761421319797,0.47652284263959394,0.8900169204737732,0.3248730964467005,0.5638042865200226,0.5277952314540946,capital,80,0,0,0,0,0,0,0,0,0,0.0,-,1.0,0.5277952314540946,121,False,False,False,False,False,0,unreached
258858,5,0.2687290651515533,0.058656336930808406,0.09440236772727666,0.06967630408037243,0,0.04308276466295746,0.8296021104793103,-0.06763193247662602,AU,25,5636450988.9006,8540077255.91,78.11,3.1500000000000004,27148040.496225003,462.4,18.469025207417822,0.04032774292664192,0.054144709250727764,False,False,False,False,False,0,10.0,0.572862428423196,0.14818065751675707,18.43351063829787,3.497572541093362,-0.04830131525116854,1.2340555460185212,0.4536636794939379,1,0.0016145952408409203,0.06303300929073723,JB HI-FI,25504020,2000000000,0.49873096446700504,0.5272842639593909,0.5575296108291032,0.6345177664974619,0.5731105470953187,0.5272482659973367,franchise,81,0,0,0,0,0,0,0,0,0,0.0,-,1.0,0.5272482659973367,122,False,False,False,False,False,0,unreached
340076,5,0.21119150494090277,0.19400312620510496,0.11106966452908404,0.11275529782862462,1,0.3275655923701557,1.1852308478681615,0.04572685364464975,BR,25,1885707185.71912,10963413870.460001,35.59,3.5322,18855726.488962963,975.536,11.238348836393532,0.0992469794886204,0.08898104290566827,False,False,False,False,False,0,9.0,0.841209862138573,0.14940955273961717,7.731085219431001,3.77731327599744,0.05541070663811554,0.8894831910377053,0.0,1,0.009217496646270262,0.14744229167649642,CURY CONSTRUTORA E INCORPORA,25201030,1000000000,0.42512690355329946,0.28553299492385786,0.22081218274111677,0.8705583756345178,0.4589678510998308,0.43835307771318205,franchise,130,0,1,0,0,0,0,0,1,0,1.0,BMK,1.2,0.5260236932558184,123,False,False,True,False,False,1,flagged
287895,5,0.1680271430869214,0.04161175399504202,0.05389831336596742,0.05544045742912429,1,0.10359243329931389,1.2557538165492612,0.03791049211375229,TW,20,1605158856.0,50957424000.0,164.0,7.7,2051342.711145,3340.115,15.256188484528227,0.04695121951219512,0.06554717130128085,False,False,False,False,False,0,10.0,0.9798174344058177,0.051982119535471,20.76826863675984,3.050408286644988,1.3016,0.7763957837019013,0.8713210977204996,2,0.017141275171656912,0.07453505994271734,RUENTEX ENGR & CONSTR CO LTD,20103010,1000000000,0.34390862944162437,0.2836294416243655,0.21319796954314718,0.5862944162436547,0.36104060913705577,0.35066164461210847,franchise,168,0,1,0,0,1,0,1,2,1,2.5,BMK|STY|RTL,1.5,0.5259924669181627,124,False,False,True,False,False,1,flagged
100837,7,0.2151666500902593,0.15029097376630474,0.0797013678356552,0.08107343046192478,0,0.05448380851409129,1.2050931577968154,-0.024094479837913345,MY,30,4473004320.254399,19792054514.399998,31.7,0.77,3888315.166181818,825.081,23.988013921542247,0.024290220820189275,0.041687486228359986,False,False,False,False,False,0,10.0,0.5199459961917245,0.08990503016841671,356.359429065744,13.418569950218448,0.4999987945562159,0.939473842624239,0.0,1,0.04982349324623854,0.2759511419115448,UNITED PLANTATIONS BHD,30202010,1000000000,0.7043147208121827,0.5628172588832487,0.2241962774957699,0.22588832487309643,0.337633953750705,0.5248539924803219,quality,84,0,0,0,0,0,0,0,0,0,0.0,-,1.0,0.5248539924803219,125,False,False,True,False,False,1,flagged
250060,6,0.1455616967496846,-0.03506678674813868,0.03781871317753148,0.038146034885478,0,0.023802491798728953,1.0339100178691418,-0.047403317534788415,TH,25,2417532927.9763503,84825716771.1,6.45,0.41000000000000003,9503149.93149777,6011.391,14.110830050998182,0.06356589147286822,0.07086755324710763,False,False,False,False,False,0,10.0,0.22083716276030124,0.13872528628063546,11.392761546825177,1.2042146902565127,-0.013702173748733837,0.9822256319284154,1.8057883404973445,6,0.0059685683597383715,0.08915312454845278,HOME PRODUCT CENTER PCL,25504030,1000000000,0.39720812182741116,0.6300761421319797,0.6565143824027073,0.5583756345177665,0.6149887196841513,0.47310521142677625,capital,112,0,0,0,0,0,0,1,0,1,0.5,RTL,1.1,0.520415732569454,126,False,False,False,False,False,0,unreached
226803,8,0.12614104593135103,0.04591139314554615,0.03821288331395721,0.03927686730176465,0,0.15792781220999652,0.9753771115332021,-0.04563684137740285,DK,30,4221819999.9999995,29116000000.0,580.0,15.0,2575342.4277107758,1560.0,18.664102564102564,0.02586206896551724,0.053578788295095485,False,False,False,False,False,0,10.0,0.2806186961172917,0.09681665868836764,6.3896103896103895,1.841724436790284,0.006325474410580734,0.9342023652686194,1.9516348773841963,1,0.028069971599176548,0.099209677714003,ROYAL UNIBREW,30201010,2000000000,0.5812182741116751,0.48794416243654826,0.27157360406091374,0.5583756345177665,0.4392978003384094,0.519645496429951,quality,88,0,0,0,0,0,0,0,0,0,0.0,-,1.0,0.519645496429951,127,False,False,False,False,False,0,unreached
222741,7,0.1175230744418162,0.2343067264043892,0.11601550816205616,0.1259877967509455,1,0.10643292604335852,1.0715407599379876,-0.04120185879732918,JP,15,2411927037.0,359989110000.0,19890.0,280.0,5252438.8203703705,14078.251,25.570584726753342,0.014077425842131725,0.03910743577771006,False,False,False,True,False,0,10.0,0.6466357045871316,0.07314179604889874,774.8333333333334,11.36528906053966,0.8186317617082686,0.8694355721483049,0.0,4,0.02676039169120511,0.12217545807692379,C UYEMURA & CO LTD,15101050,2000000000,0.4276649746192893,0.4815989847715736,0.3604060913705583,0.467005076142132,0.43633671742808794,0.431112796582894,durability,133,0,1,0,0,0,0,0,1,0,1.0,BMK,1.2,0.5173353558994728,128,False,False,True,False,False,2,flagged
210201,8,0.1056689170840532,0.773744167357435,0.05486452270529243,0.06368219936866448,1,0.15235600527568272,1.3873622567293913,-0.0654978192676765,TW,45,57725854786.19925,1832566818609.5,705.5,8.1901,269183596.98951,60108.399,30.487699707481813,0.011608929836995038,0.03280011314709308,False,False,False,False,False,0,10.0,0.5222600511836394,0.06442913738881875,30.849434471241434,4.622906358737683,0.0,0.8478714994264326,0.0,2,0.026002156323252073,0.07537438282406558,DELTA ELECTRONICS INC,45203015,1000000000,0.4796954314720812,0.41053299492385786,0.383248730964467,0.5685279187817259,0.454103214890017,0.4692898703420014,franchise,114,0,0,0,0,0,0,1,0,1,0.5,RTL,1.1,0.5162188573762017,129,False,False,False,False,False,0,unreached
202150,7,0.10647748716216143,0.7444951160831523,0.05684841666695482,0.05634012819022386,0,-0.06725673234731355,0.7562938017072133,-0.11170329621377116,TW,15,1227465584.352,38967161408.0,67.0,3.5,691248.6999179999,2254.468,17.284415395561172,0.05223880597014925,0.05785558707740911,True,False,False,True,False,1,9.0,1.0395940642567147,0.08052826356210206,62.98096536059058,12.376661214876464,0.0,0.8069799752974351,0.0,2,0.017719879781913785,0.06214513957935702,FENG HSIN STEEL CO LTD,15104050,1000000000,0.3692893401015228,0.2906091370558376,0.3697123519458545,0.2614213197969543,0.3072476029328821,0.34309584940926185,capital,170,0,1,1,0,0,0,1,2,1,2.5,BMK|COV|RTL,1.5,0.5146437741138927,130,False,True,False,False,False,3,flagged
252384,5,0.15824579915283507,-0.03556491477482415,0.05175018270666123,0.0419559127069075,0,0.05345792848647468,1.0323039919177956,-0.05243995217911097,GB,20,7596872683.8468,5981789514.84,38.86,3.7481999999999998,15773323.552572807,343.5,17.414234395458514,0.09645393721049922,0.05742428735545167,False,False,False,False,False,0,10.0,0.1188480108018088,0.14461923489452982,11.664414414414415,2.5659508570073792,-0.047082195182517994,1.3985899609136008,1.6734331387972594,8,0.006680330890004627,0.135501772265244,INTERTEK GROUP PLC,20202020,2000000000,0.30583756345177665,0.6605329949238579,0.8680203045685279,0.6065989847715736,0.7117174280879864,0.4287632313771983,capital,135,0,0,0,0,1,0,0,1,0,1.0,STY,1.2,0.514515877652638,131,False,False,False,False,False,0,unreached
221858,7,0.13098988923642585,0.07390989186494079,0.04109157950243257,0.03979324047189734,0,0.017858779399372526,1.0647351599405366,0.035778104276694596,GB,30,45165274775.5182,35563208484.66,55.14,3.3701,16284604.556687722,3198.0,11.120452934540339,0.0611189698948132,0.0899243947963649,False,False,False,False,False,0,10.0,0.2742729460963212,0.07670762558727864,8.09692671394799,4.165968382001418,-0.05661992185033715,1.1096147931140619,1.6508664627930683,6,0.015340322375394365,0.136925468321057,RECKITT BENCKISER GROUP PLC,30301010,2000000000,0.5038071065989848,0.46129441624365475,0.7428087986463621,0.38578680203045684,0.5299633389734912,0.5141110099743162,capital,91,0,0,0,0,0,0,0,0,0,0.0,-,1.0,0.5141110099743162,132,False,False,False,False,False,0,unreached
207375,6,0.22045786769304998,1.2252968055381026,0.022433228515435853,0.02702071764446507,5,0.14714092605991236,1.0738366625792761,-0.001778433213270755,BR,20,33627904443.656475,195511072346.84,46.58,2.2032,18534198.834245816,6376.219,30.662540346691355,0.0472992700729927,0.03261308387019881,False,False,False,False,True,0,10.0,0.7477157340562801,0.07840617582212205,43.27082805773613,3.677489219335349,1.000102967955991,0.5905079246075446,0.0,5,0.02399473080189201,0.09517221968307617,WEG SA,20104010,1000000000,0.5723350253807107,0.42576142131979694,0.29441624365482233,0.5786802030456852,0.4329526226734348,0.511877858723298,franchise,92,0,0,0,0,0,0,0,0,0,0.0,-,1.0,0.511877858723298,133,False,False,True,False,True,2,flagged
101894,7,0.10858056196923763,-0.15460300123230242,0.04482199714520013,0.05516271010385206,2,0.08391958968726443,1.0471523670068568,0.021534289946968765,JP,15,4534652408.2224,676813792272.0,2861.5,50.0,15309202.247037038,36497.412,18.544158480935582,0.017473353136466887,0.053925337244505066,False,False,False,True,False,0,10.0,0.2624001106088372,0.08940141413055168,243.59677419354838,9.450436183027964,1.8099480925142042,0.6039924131538098,0.0,2,0.011019343199103948,0.08673204885626948,NOF CORP,15101020,2000000000,0.38705583756345174,0.6681472081218274,0.17428087986463622,0.6294416243654822,0.49062323745064856,0.4255625658026039,durability,137,0,0,0,0,1,0,0,1,0,1.0,STY,1.2,0.5106750789631246,134,False,False,True,False,False,2,flagged
213455,5,0.25758882053132565,0.06614183206733393,0.22090143241047905,0.22317919704423,3,0.2688994871466883,0.6665640078152558,0.10522092481205958,EG,15,2175536835.066,106123748052.0,84.1,6.0,3330416.052606915,7979.617,13.299353597046073,0.07134363852556481,0.07519162436752645,False,True,True,True,False,2,10.0,0.9040048428534833,0.13028286901859465,60.38950271130605,8.92047234038463,0.0,0.635214777373756,0.0,1,0.09403047057713519,0.28007723657959893,ABU QIR FERTILIZERS AND CHE,15101030,1000000000,0.4885786802030457,0.5184010152284263,0.24365482233502536,0.49238578680203043,0.4181472081218274,0.4590842439669954,durability,119,0,0,0,0,0,1,0,0,1,0.5,CTY,1.1,0.5049926683636949,135,False,False,False,True,True,4,flagged
223152,6,0.13062017086678965,0.053006968569285995,0.0767722307775606,0.07218755591533392,0,0.09345592528149016,1.1031041724290789,0.007632566415509549,IN,35,6491163964.2366,540930330353.05,669.65,13.1822,14960828.465335714,52725.2,10.259426808301345,0.019685208691107296,0.09747133233514145,False,False,False,False,False,0,10.0,0.510920567251365,0.07103716436206477,21.345992940253627,12.107298343703322,0.001714140418116239,0.9451770244174312,0.0,4,0.026774868439287013,0.13215486007794675,CIPLA LTD,35202010,1000000000,0.3540609137055838,0.4156091370558376,0.467005076142132,0.4213197969543147,0.4346446700507614,0.3843266804644775,capital,152,0,0,0,1,0,0,1,1,1,1.5,CPX|RTL,1.3,0.49962468460382076,136,False,False,False,False,False,0,unreached
102839,7,0.11535589599222537,0.14273101955523293,0.06857042248617713,0.06521619470573496,0,0.07077876011864048,0.9098944446793019,-0.013044883290283549,JP,35,2413201701.7356,360179358468.0,5127.0,124.0,13992750.513703704,32557.957,11.062713746688713,0.02418568363565438,0.09039373366225982,False,False,False,False,False,0,10.0,0.5449614567245022,0.05585752737345494,351.009900990099,13.306950056875827,0.00037117044889334316,0.7992276604203825,0.0,8,0.03796681682111112,0.1424938243030713,NIPPON SHINYAKU CO LTD,35202010,2000000000,0.4098984771573604,0.4600253807106599,0.505922165820643,0.29949238578680204,0.4218133107727016,0.4146234824703771,capital,142,0,1,0,0,0,0,0,1,0,1.0,BMK,1.2,0.4975481789644525,137,False,False,False,False,False,0,unreached
281544,5,0.34439750901839417,-0.16876330278412077,0.21119037273301017,0.2197717614360292,2,-0.08978089389488653,0.602898089238416,-0.12338788151206959,ZA,15,5797806811.20907,106381776352.46,330.29,36.5,7597485.922185624,14611.0,7.280937400072548,0.11050894668321777,0.137344952312052,True,True,False,True,False,2,10.0,0.43540958063924395,0.19632266402049248,30.666666666666668,6.293075031480621,-0.000920149719276453,1.309740397156744,0.0,1,0.02214111816313088,0.31483944949274745,KUMBA IRON ORE LTD,15104050,1000000000,0.5266497461928934,0.6541878172588832,0.5169204737732657,0.18781725888324874,0.45297518330513253,0.49584152122464836,durability,99,0,0,0,0,0,0,0,0,0,0.0,-,1.0,0.49584152122464836,138,False,False,False,True,False,4,flagged
318896,7,0.1221227008859059,0.04190153785134787,0.11780613318054496,0.08710934180017793,0,0.036885748006937114,1.039508365391238,-0.12260688613435962,KW,50,2009202529.022,618216162.776,0.619,0.035,1404654.4486968084,34.099,18.13003791243145,0.05654281098546043,0.05515708267296658,False,False,False,False,False,0,10.0,0.31904926667283995,0.0932626374443084,10.642785403414797,3.054082147788515,1.0,1.710271818701107,0.0,4,0.023339040588244597,0.17386441103666017,KUWAIT TELECOM CO,50102010,1000000000,0.4479695431472081,0.49428934010152287,0.5693739424703891,0.2969543147208122,0.45353919909757473,0.4501891504086727,capital,122,0,0,0,0,0,1,0,0,1,0.5,CTY,1.1,0.49520806544954,139,False,False,True,False,False,1,flagged
328745,8,0.11505525820370115,0.0537992146930828,0.05426272979624809,0.04908252120977431,0,0.03882357406477688,0.952647390742206,-0.06292912364167162,DE,20,17673212681.280003,16364085816.000002,101.51418000000001,2.2452,12086125.4533393,534.0,30.644355460674163,0.022117107186404892,0.0326324370334138,False,False,False,False,False,0,10.0,0.28462397987917243,0.09629423900968101,7.261904761904762,4.133542050514305,0.0,1.2930240602464065,0.5028112449799197,2,0.021877933254650785,0.088735653499091,KNORR-BREMSE AKTIE,20106010,2000000000,0.5203045685279188,0.4942893401015228,0.5609137055837563,0.31218274111675126,0.4557952622673435,0.4934719894357227,capital,101,0,0,0,0,0,0,0,0,0,0.0,-,1.0,0.4934719894357227,140,False,False,False,False,False,0,unreached
211453,5,0.23042488489092375,0.09597682995502654,0.04231627188773217,0.04430112476279658,0,0.16071084348555287,1.4187088766526235,0.10085465387891947,FI,35,8108913621.240001,7508253353.0,68.5,2.5787,1696934.5537580003,500.3,15.007502204677193,0.037645255474452556,0.06663334020289818,False,False,True,False,False,1,10.0,0.3890646855854636,0.15194240926904073,45.73076923076923,8.467910866699402,0.034013670020884845,0.677015468675205,0.20999854672286,8,0.03379254760871286,0.15349565326579864,ORION CORP,35202010,2000000000,0.4606598984771573,0.674492385786802,0.41793570219966164,0.5406091370558376,0.544345741680767,0.4924681821966056,durability,102,0,0,0,0,0,0,0,0,0,0.0,-,1.0,0.4924681821966056,141,False,False,False,False,False,1,flagged
209347,5,0.16931822502015043,-0.09804192365890507,0.23178810093291385,0.24477125964559004,1,0.13378060598977992,0.7771577553241338,-0.07105951260937073,ID,10,6839762292.1264,110318746647200.0,29575.0,2051.0,12899412.643773586,14810434.0,7.448718021848651,0.0693491124260355,0.13425128955973234,False,False,False,True,False,0,10.0,0.6157360186425802,0.07350355114963023,16.794885406328618,4.476222417014708,-0.04219847270943289,1.0469451286660445,0.0,1,0.01519708375312388,0.1466946272393474,UNITED TRACTORS,10102050,1000000000,0.3515228426395939,0.3699238578680203,0.4796954314720812,0.6954314720812182,0.5150169204737732,0.4095441530563182,franchise,146,1,0,0,0,0,0,0,1,0,1.0,ESG,1.2,0.49145298366758183,142,False,False,False,True,False,2,flagged
247732,9,0.10418612914784656,0.04028137004416332,0.08418976990394728,0.08122568459391825,0,0.04038070431764762,1.1449393520285098,-0.053630649501908635,IT,25,5696065294.3656,5274134531.82,34.86,0.83,1696347.2572927363,316.325,16.673151131968705,0.023809523809523808,0.05997666500381105,False,False,False,False,False,0,10.0,0.5872173700829045,0.0762178715408891,24.040636518924753,4.834970794816773,-0.0008686762042858787,1.2796687243210767,0.0,3,0.024329374452603907,0.1109076222288028,DE LONGHI SPA,25201040,2000000000,0.5215736040609137,0.4067258883248731,0.643824027072758,0.2918781725888325,0.4474760293288212,0.49056580566609664,capital,104,0,0,0,0,0,0,0,0,0,0.0,-,1.0,0.49056580566609664,143,False,False,False,False,False,0,unreached
202830,7,0.1297453999667592,0.0231715561911483,0.036936836399330174,0.03690163673965723,0,0.07693755502268496,1.043578061569157,0.013116549493258271,ID,35,2891726282.9659,46640746499450.0,995.0,36.0,3891205.1037735855,3664998.0,12.725995075427052,0.036180904522613064,0.07857931690787194,False,False,False,False,False,0,10.0,0.5984813734392835,0.11493519044029973,43.99183085044257,10.60777591181433,-0.033845066323651474,0.7039807129962806,0.0,2,0.017228185301748255,0.07308160290844389,KALBE FARMA,35202010,1000000000,0.4961928934010152,0.5260152284263959,0.4263959390862944,0.4898477157360406,0.48075296108291027,0.48995829094694293,durability,105,0,0,0,0,0,0,0,0,0,0.0,-,1.0,0.48995829094694293,144,False,False,False,False,False,0,unreached
251866,5,0.1358400145602806,-0.20702922494059917,0.26774117122189395,0.2736591748609394,1,-0.037847947080041466,0.8133559362614745,-0.015748822510660985,TW,45,1453117191.4224,46130704489.6,99.2,10.6092,13759466.948325,4343.421,10.620822731574949,0.10694758064516129,0.0941546644053357,True,False,False,False,False,1,10.0,0.3444574927993233,0.0962936687168828,11.735982599373248,5.264130691493838,-0.010291875525507144,1.0836597366220437,0.0,8,0.015664575884353264,0.11850781632622202,RADIANT OPTO-ELECTRONICS,45301020,1000000000,0.23477157360406092,0.5095177664974619,0.7292724196277497,0.32741116751269034,0.5220671178793006,0.32320483027515745,capital,176,0,1,1,0,0,0,1,2,1,2.5,BMK|COV|RTL,1.5,0.4848072454127362,145,False,False,False,True,False,2,flagged
292679,6,0.1308978318371951,0.21205150579561893,0.033177709210617176,0.037558692357355886,4,0.1072290972380805,1.0096595567489992,-0.06245937441583232,SA,35,3419093999.9999995,12819999999.999998,64.1,3.0,6886081.189633801,822.041,15.595329186743724,0.046801872074883,0.06412176287051483,False,False,False,False,False,0,10.0,0.691306220814515,0.12001533928888153,14.236458435809148,4.684331196799234,1.0,0.8678017262038485,0.4380926433428957,2,0.025746347189388594,0.21353415879194623,MOUWASAT MEDICAL SVCS,35102020,1000000000,0.3565989847715736,0.4422588832487309,0.25803722504230114,0.4898477157360406,0.39671460800902425,0.37213398916133983,franchise,162,0,0,0,0,1,1,0,1,1,1.5,STY|CTY,1.3,0.4837741859097418,146,False,False,True,False,True,1,flagged
241413,7,0.1658998922855262,-0.07471332494497085,0.06717613828578319,0.0827754132008763,3,0.03009937210823277,1.058846018088698,-0.043199750902148275,PE,15,20303248696.0,20303248696.0,58.0,2.9995,325986.65896551724,1367.129,14.851011642646744,0.05171551724137931,0.06733548017216288,False,False,False,True,False,0,10.0,0.5607426621451354,0.06901560230520545,16.128790056042536,10.227643273602233,0.0,0.8418681671926805,0.0,1,0.04999576162520249,0.20538711247313718,SOC MINERA CERRO VERDE SAA,15104025,1000000000,0.6078680203045685,0.3648477157360406,0.29441624365482233,0.15228426395939088,0.2705160744500846,0.43970642156831125,quality,128,0,0,0,0,0,1,0,0,1,0.5,CTY,1.1,0.4836770637251424,147,False,True,False,False,True,2,flagged
208472,6,0.1510153554655564,0.11432684070896082,0.026175373552133997,0.022669879569634965,0,0.004745986227757237,0.7792059027506089,0.023599846387647994,IN,35,2618325693.288,218193807774.0,4769.5,35.0,1948593.3297642858,7676.0,28.42545697941636,0.007338295418807003,0.03517973345948763,False,False,False,False,False,0,10.0,0.5071699383459869,0.08835398869521113,37.4445165476963,13.064542036282688,0.0,0.7214934217131045,0.0,3,0.0031697732862589357,0.1875219184275825,PFIZER LTD,35202010,1000000000,0.4098984771573604,0.4968274111675127,0.4060913705583756,0.5558375634517767,0.48625211505922167,0.4388846425334501,franchise,129,0,0,0,0,0,0,1,0,1,0.5,RTL,1.1,0.48277310678679514,148,False,False,False,False,False,0,unreached
102610,7,0.13649429013581926,0.03487572021352148,0.06870183564701082,0.07631153762087863,2,-0.021299596798476927,0.6729199389523952,-0.06253294795586337,CH,20,4236299374.9999995,3748937500.0,365.75,11.0,1203008.2850925925,235.0,15.952925531914893,0.03007518796992481,0.06268442725438875,True,True,False,False,False,2,10.0,0.45185052946093673,0.07361054648934318,90.41935483870968,8.326128397870498,-0.030806845965770102,0.7517634780677188,0.0,1,0.008992507848778907,0.06131870433674286,BUCHER INDUSTRIES AG,20106010,2000000000,0.5114213197969543,0.5209390862944162,0.3527918781725888,0.4416243654822335,0.43845177664974616,0.48087924253979614,durability,110,0,0,0,0,0,0,0,0,0,0.0,-,1.0,0.48087924253979614,149,False,False,False,False,False,2,flagged
102245,7,0.12238835374589337,0.03926579015879628,0.07774550591751969,0.08557153977834807,2,0.06568956602558496,1.1722344255727966,0.0027144688748771545,JP,20,6854587272.22995,1023072727198.5,2693.5,78.0,29216237.474493522,78095.378,13.100298038105405,0.028958604046779284,0.07633414118451784,False,False,False,False,False,0,10.0,1.1341105448006321,0.09762048311574155,142.76704545454547,7.213236396943455,1.9181943716965857,0.8681634809775464,0.0,1,0.027060131979438545,0.07917718803397415,DAIFUKU CO LTD,20106020,2000000000,0.45304568527918776,0.4790609137055838,0.15989847715736039,0.3299492385786802,0.3229695431472081,0.3956852185847983,durability,149,0,0,0,1,0,0,0,1,0,1.0,CPX,1.2,0.47482226230175795,150,False,False,True,False,False,1,flagged
223053,6,0.15713574648616122,-0.00634081355682925,0.04962580770958375,0.04937137835606501,0,0.07224883447979447,1.1783140453466319,0.0029734278078386123,IN,25,13157903735.52,1096491977960.0,5480.0,175.0,37655407.308107145,43784.8,25.04275405985639,0.03193430656934307,0.0399317102907225,False,False,False,False,False,0,10.0,0.48011903650739546,0.12284591020685395,39.702509785862304,7.044376513242454,0.0013617771191405392,0.8953987434476363,0.0,1,0.020384218123881637,0.08365051462011458,HERO MOTOCORP LTD,25102020,1000000000,0.43274111675126903,0.5881979695431472,0.2766497461928934,0.42385786802030456,0.42956852791878175,0.4314692791185961,durability,132,0,0,0,0,0,0,1,0,1,0.5,RTL,1.1,0.47461620703045576,151,False,False,False,False,False,0,unreached
211225,6,0.16202310111662588,0.03920362735473515,0.02683416467431532,0.03295045340594214,4,0.13731086008436266,0.6794327096337291,-0.054023632566340254,IN,55,3073386552.0750003,256115546006.25,372.05,5.82,2424411.570825,11483.2,22.303499547708824,0.0156430587286655,0.04483601319429386,False,True,False,False,False,1,10.0,0.6524049691961697,0.07493699227024789,15.241939644054684,4.853905336771163,0.0,0.6789690471658303,0.0,2,0.037488477153644006,0.0602597189248907,GUJARAT GAS LTD,55102010,1000000000,0.44796954314720816,0.35977157360406087,0.3392554991539763,0.48223350253807107,0.39375352509870276,0.4254405433860911,franchise,138,0,0,0,0,0,0,1,0,1,0.5,RTL,1.1,0.46798459772470025,152,False,False,False,False,True,1,flagged
243592,6,0.11591938481732292,0.008663633321351227,0.08267330343552662,0.08911224829509987,1,-0.03660651159308126,0.7178441776016928,-0.09018024670381722,TW,45,1417364939.05965,44995712351.1,79.1,3.0,38717875.786212005,2449.022,18.37293105210978,0.03792667509481669,0.054427897060288,True,False,False,False,False,1,10.0,0.3940303813631719,0.07832753436521386,2223.7770204479066,11.028021221430556,0.0,0.9644898668575115,0.0,2,0.0373295303485778,0.16082328421198006,GREATEK ELECTRONICS INC,45301020,1000000000,0.26776649746192893,0.6097715736040609,0.4458544839255499,0.11928934010152284,0.3916384658770446,0.31175101703016156,durability,179,0,1,1,0,0,0,1,2,1,2.5,BMK|COV|RTL,1.5,0.4676265255452423,153,False,False,False,False,False,1,flagged
211447,5,0.2771140442271034,-0.09061915338452076,0.084086203502474,0.0626990292647022,0,-0.07057716152786464,0.5678993347120305,-0.07601894131574496,CH,20,23206428387.01143,20536662289.390648,170.07055,10.2103,10369071.074548217,882.0,23.28419760701888,0.06003567343082033,0.04294758259990699,True,True,False,False,False,2,10.0,0.7286945605344025,0.14935661764705882,24.76,2.0446449603936037,-0.006890553920256837,1.28443025915644,1.4685607824871914,2,0.03813144280958653,0.06884050539003854,KUEHNE & NAGEL INTERNATIONAL,20303010,2000000000,0.501269035532995,0.5133248730964467,0.6091370558375634,0.1,0.40748730964467006,0.46141123188776983,capital,117,0,0,0,0,0,0,0,0,0,0.0,-,1.0,0.46141123188776983,154,False,False,False,False,False,2,flagged
288950,5,0.15635041363050992,-0.042506430154540586,0.05829452915307034,0.05918524560188819,0,0.04823905763621772,0.8472280430888126,-0.015675619186957885,SE,15,2248621498.3008,23423140607.3,71.05,4.2,1767692.9644127556,1943.0,12.055141846268656,0.05911330049261084,0.08295215541653067,False,False,False,True,False,0,10.0,0.20165989353693503,0.11620279083876839,14.116161616161616,3.861188816958081,0.0007133403756724999,0.9335742805406687,0.9468527315914489,8,0.011614124466389712,0.10866378215966359,HEXPOL AB,15101050,2000000000,0.2982233502538071,0.623730964467005,0.5516074450084602,0.5,0.5584461364918217,0.3832811872741643,durability,153,0,1,0,0,0,0,0,1,0,1.0,BMK,1.2,0.4599374247289972,155,False,False,False,False,False,1,flagged
102773,7,0.11407541978687001,0.2323433440343614,0.07566628378647555,0.0852746560199403,1,0.06907218650320601,1.1393637126909988,0.002852664219980958,JP,20,3627252312.5256,541380942168.0,8504.0,132.0,14946185.70074074,32073.033,16.879630378829468,0.015522107243650047,0.05924300340451802,False,False,False,False,False,0,10.0,0.5218641518516038,0.08985159852209228,115.39411764705882,9.086936494149816,-0.030243415627623893,0.6422955986381863,0.0,8,0.01514009720816218,0.05873819573445227,NICHIAS CORP,20102010,2000000000,0.4022842639593908,0.5348984771573604,0.5888324873096447,0.5203045685279188,0.5480118443316413,0.4552351679127864,capital,121,0,0,0,0,0,0,0,0,0,0.0,-,1.0,0.4552351679127864,156,False,False,False,False,False,0,unreached
274959,7,0.1174961428732069,0.2436736427626911,0.1763006841592965,0.16535701352621526,0,0.07941204892254827,0.9853616749858544,-0.043290150870726476,KR,20,12740625000.0,16987500000000.0,226500.0,3700.0,83695943.76650943,1733738.515,9.798190357442685,0.016335540838852098,0.10205966239882266,False,False,False,False,False,0,10.0,0.6914686094264229,0.0675571710219385,9.159462439448246,3.9044737832527394,1.0,1.2079999511943977,0.0,1,0.011656397097732403,0.05259019179221715,HYUNDAI GLOVIS CO LTD,20301010,1000000000,0.42512690355329946,0.2709390862944162,0.3096446700507614,0.5913705583756345,0.39065143824027065,0.4109859021656343,franchise,145,0,0,0,0,0,0,1,0,1,0.5,RTL,1.1,0.4520844923821978,157,False,False,True,True,False,2,flagged
274522,6,0.1268697923529488,-0.16557415842561307,0.07816027589297156,0.07155670142553955,0,0.0702028007096942,0.9081790196439794,-0.006293965198074787,GB,35,2632677122.5499997,2632677122.5499997,11.95,0.6378999999999999,6553822.135701755,402.0,6.548948066044775,0.05338075313807531,0.15269627883977832,False,False,False,False,False,0,10.0,0.2756765260043187,0.08730043541364296,7.2,4.502043506889319,-0.044914908573362555,1.454520410487571,1.4534883720930232,1,0.03721927658453711,0.14010113735437063,HIKMA PHARMACEUTICALS PLC,35202010,2000000000,0.32614213197969544,0.4727157360406091,0.6133671742808798,0.30456852791878175,0.4635504794134236,0.3753902230478838,capital,159,0,1,0,0,0,0,0,1,0,1.0,BMK,1.2,0.4504682676574605,158,False,False,False,False,False,0,unreached
238178,5,0.11969854772386557,-0.02441741377590978,0.06084831272899079,0.047683726452414046,0,0.1552467780191671,0.867960308638299,-0.02370358275162945,IN,45,1144495496.7468,95374624728.9,858.3,30.0,5064200.886096429,6157.0,15.490437669140814,0.03495281370150297,0.06455595518725363,False,False,False,False,False,0,10.0,0.5210553075462058,0.09040871209882381,7.518,7.566157081335971,0.0016458884615033753,1.2341634752215502,0.0,4,0.015870320323340743,0.11451808853172754,CYIENT LIMITED,45102010,1000000000,0.16116751269035534,0.37499999999999994,0.571912013536379,0.7233502538071066,0.5567540891144952,0.26462560762864,franchise,189,0,1,1,0,1,0,1,3,1,3.5,BMK|COV|STY|RTL,1.7000000000000002,0.4498635329686881,159,False,False,False,False,False,0,unreached
334101,5,0.2594479271119896,0.4801520815363596,0.00981239777512672,0.011536808204991266,4,0.5631212609849159,1.0835837024567416,0.07471113817366892,IN,20,5182079999.999999,431839999999.99994,539.8,9.5,18058199.00696786,13149.023,32.84198377324307,0.017599110781771028,0.030448830585402004,False,False,True,False,False,1,9.0,0.5797696612983431,0.06710431453751782,23.267128757146963,7.162642931053506,4.0,0.6516957980421708,0.0,1,0.06471698434301427,0.18497493148748398,INDIAN RAILWAY CATERING,20201070,1000000000,0.4936548223350254,0.24873096446700507,0.1,0.5253807106598984,0.2913705583756345,0.3997903405517662,franchise,148,0,0,0,0,0,0,1,0,1,0.5,RTL,1.1,0.4397693746069429,160,False,False,True,False,True,2,flagged
292072,5,0.14280622727432118,0.08993328839628356,0.12830881243218645,0.13178072213520536,0,0.11553277260721306,0.9991850339209979,-0.1475802802317191,ZA,50,9039004027.228762,165853284903.28003,79.82000000000001,7.0276,6133337.868718348,16598.0,9.992365640636223,0.08804309696817839,0.10007640192161034,False,False,False,False,False,0,10.0,0.2920648757192321,0.11514403184925036,4.059781942913145,2.2315696569757293,0.1387085918442279,1.3895861256979614,0.6874716089761062,2,0.006653889001086145,0.18705818757354384,VODACOM GROUP LTD,50102010,1000000000,0.2652284263959391,0.49302030456852797,0.4720812182741117,0.8071065989847717,0.5907360406091371,0.3653670917478025,franchise,165,0,0,0,1,0,0,0,1,0,1.0,CPX,1.2,0.438440510097363,161,False,False,True,False,False,1,flagged
102625,6,0.12701090860991257,0.0927709573933011,0.0904927069519517,0.05274509090811088,0,0.06872996465668679,1.107881373855379,-0.05565186522915229,JP,45,3121334286.7824,465870789072.0,4628.0,120.0,15455246.961111112,26965.63,17.276465970644853,0.02592912705272256,0.0578822081841935,False,False,False,False,False,0,10.0,0.35705891971676035,0.07973536126836472,127.25407166123779,4.8648807373637935,-0.02177974165201224,1.4925828661442873,0.0,3,0.00654089622249187,0.09363133547537465,BIPROGY INC,45102010,2000000000,0.33121827411167515,0.5958121827411167,0.7351945854483924,0.6700507614213198,0.6670191765369431,0.4382519951113021,capital,131,0,0,0,0,0,0,0,0,0,0.0,-,1.0,0.4382519951113021,162,False,False,False,False,False,0,unreached
212748,6,0.12166309965357543,-0.022825127585142324,0.0996551992110204,0.09910719202989524,1,0.001900972593155137,1.0737963827972687,0.0028417612594787327,TW,45,10873787043.640501,345199588687.0,149.0,4.506600000000001,133354893.619395,15115.934,22.83680179385541,0.03024563758389262,0.04378896874557388,False,False,False,False,False,0,10.0,0.47230437913380535,0.07348297765139998,8.529007612445795,3.8874878241071418,-0.023150642719546366,0.9885266854142545,0.0,2,0.0193617953594908,0.08812823669547684,LITEON TECHNOLOGY CORP,45202030,1000000000,0.2982233502538071,0.3635786802030457,0.5262267343485617,0.2817258883248731,0.3905104342921602,0.33218349023182747,capital,172,0,0,0,0,1,0,1,1,1,1.5,STY|RTL,1.3,0.4318385373013757,163,False,False,False,False,False,0,unreached
250684,6,0.11449730355078809,-0.048846298787399545,0.10773005611937866,0.12614516028727749,2,0.07737553229142069,1.1102425909374312,-0.061782555666123486,MX,30,8973284274.69012,183128250503.88,106.42,8.620000000000001,8606478.990535518,19580.455,9.352604446826184,0.08099981206540124,0.10692208846054117,False,False,False,False,False,0,10.0,0.36401736857785777,0.06624262126507491,8.603415984168691,3.1410566584116197,-0.03565064113327121,1.283465500728878,0.7204113221675469,3,0.00779361634823133,0.09600126590595795,ARCA CONTINENTAL SAB DE CV,30201030,1000000000,0.2601522842639594,0.38007614213197966,0.6996615905245346,0.6649746192893401,0.5815707839819515,0.35890343800554775,capital,166,1,0,0,0,0,0,0,1,0,1.0,ESG,1.2,0.4306841256066573,164,False,False,False,False,False,0,unreached
206691,7,0.12535342314714273,0.25660327604701494,0.15415197946449333,0.1626931114633379,0,0.10169621296802878,1.160303315803144,-0.02683596767480176,HU,35,2874146356.0152006,1064498650376.0001,5711.6,509.0,1963190.2751325003,232335.0,4.58174037650806,0.08911688493591988,0.21825767455687714,False,False,False,False,False,0,10.0,0.6627395720105566,0.054714661257270605,14.147718383311604,11.387779469630566,,0.7641843623231631,0.0,4,0.06143582052969709,0.17953981688631396,GEDEON RICHTER PLC,35202010,1000000000,0.4631979695431472,0.29378172588832485,0.2614213197969543,0.3553299492385787,0.30351099830795264,0.3911377754740501,quality,151,0,0,0,0,0,1,0,0,1,0.5,CTY,1.1,0.4302515530214551,165,False,False,False,True,False,1,flagged
273071,8,0.10372884545516418,0.9108855844087334,0.07656332704740482,0.0655638820878273,0,-0.17224379271876777,1.3375736982962318,-0.01888041585954932,FI,20,2610431697.4640045,2417066386.540745,43.801655,1.2,2446050.4872759506,150.8,16.028291687935972,0.027396225096974078,0.0623896806640143,True,False,False,False,False,1,9.0,0.7949829155100084,0.058374720400348794,8.208716513394641,6.865728346371425,0.0006550575904797906,1.7916039701980881,0.0,1,0.040304090040560694,0.09545867456109272,HIAB OYJ,20106020,2000000000,0.4720812182741117,0.1116751269035533,0.4932318104906938,0.1,0.23496897913141568,0.3571200596317139,capital,167,0,1,0,0,0,0,0,1,0,1.0,BMK,1.2,0.4285440715580567,166,False,False,False,False,False,1,flagged
235543,5,0.17164693206264553,0.08317717346062148,0.04619848005557994,0.041626474005746206,0,0.14397185323087713,1.1230156216533032,0.01434330177181963,SE,45,3720890008.5657597,38759270922.56,197.92,5.5,1984861.9972998488,1560.0,24.845686488820512,0.027789005658852062,0.040248435093550625,False,False,False,False,False,0,10.0,0.4499067166616325,0.12206328154604017,66.07692307692308,7.0986224470463695,1.0047397246250704,1.1103128590341755,0.0,6,0.02989892590115418,0.20584558658791216,MYCRONIC AB,45203010,2000000000,0.3616751269035533,0.6224619289340101,0.49238578680203043,0.5228426395939086,0.5458967851099831,0.42641787362564626,durability,136,0,0,0,0,0,0,0,0,0,0.0,-,1.0,0.42641787362564626,167,False,False,True,False,False,1,flagged
102141,8,0.10877021964541585,0.1791433863149099,0.03356803306931231,0.03613016477077369,2,0.050319681069101785,1.1568145957576357,-0.009534755089058522,JP,45,4962005949.0816,740597902848.0,1368.0,26.0,12471433.798518518,40955.273,18.083090371488918,0.019005847953216373,0.0553002821672932,False,False,False,False,False,0,10.0,0.6621738563038738,0.07551870633377011,126.60481099656357,10.078030765708107,2.704470691797029,0.5783679978848726,0.0,1,0.01741854013154511,0.06010797713621137,AZBIL CORP,45203010,2000000000,0.5025380710659899,0.45748730964467005,0.1,0.40355329949238583,0.320346869712352,0.4197102494165807,quality,139,0,0,0,0,0,0,0,0,0,0.0,-,1.0,0.4197102494165807,168,False,False,True,False,False,1,flagged
278736,6,0.1257263803544884,-0.08562824366818644,0.05522761688095486,0.0462043204661283,0,0.08771194322470932,0.9681800583283255,-0.034900663230893296,IN,45,15711355212.999601,1309279601083.3,1336.3,45.0,39531637.92400715,42515.0,30.795709774980597,0.033675072962658086,0.03247205559822594,False,False,False,False,False,0,10.0,0.36445263529233163,0.07741260103223294,21.057625948930298,5.82160113937811,0.015158103923253785,1.3976270093014942,0.0,2,0.023029605574349018,0.11680961978376217,TECH MAHINDRA LTD,45102010,1000000000,0.3210659898477157,0.5019035532994924,0.5042301184433164,0.4568527918781726,0.4876621545403272,0.37949337922745474,capital,157,0,0,0,0,0,0,1,0,1,0.5,RTL,1.1,0.41744271715020026,169,False,False,False,False,False,0,unreached
316227,5,0.15159173002465182,0.1235370258385522,0.06106147971305574,0.05467756956881551,0,0.1149735730007837,0.8965429783820461,-0.056457834372467694,MY,20,4532433798.52212,20055016807.620003,5.86,0.2185,5038427.214363636,998.311,20.08894703916916,0.03728668941979522,0.049778616970327684,False,False,False,False,False,0,10.0,0.297182038286362,0.1268578977995507,11.15030851831076,3.1959632900900847,0.0035190615835776207,1.1682789031545577,1.514396228292454,1,0.03847972115161125,0.4202910616355256,WESTPORTS HOLDINGS BHD,20305030,1000000000,0.2880710659898477,0.5780456852791879,0.3595600676818951,0.4263959390862944,0.4546672306824591,0.3457619871922306,durability,169,0,0,0,1,0,0,0,1,0,1.0,CPX,1.2,0.4149143846306767,170,False,False,False,False,False,0,unreached
241456,7,0.10454143219890191,0.0026663189050950553,0.09238571837420428,0.07820307301423167,0,0.0033714155362694065,0.7793598662623704,-0.07974846159851802,DE,20,56523420000.0,52336500000.0,45.51,5.0191,40603409.51022923,3501.0,14.949014567266495,0.1102856515051637,0.06689404144335215,False,False,False,False,False,0,10.0,0.5460956076936941,0.07007876246600181,4.8681120144534775,1.8568797613160246,-0.09669918865849003,1.5391055058521261,2.2053456948417005,7,0.016620099298297986,0.07363285788395496,DEUTSCHE POST AG,20301010,2000000000,0.3642131979695431,0.28236040609137053,0.8883248730964467,0.34010152284263956,0.503595600676819,0.41461611560038564,capital,143,0,0,0,0,0,0,0,0,0,0.0,-,1.0,0.41461611560038564,171,False,False,False,False,False,0,unreached
204867,6,0.12476497978300405,0.04854064591054219,0.05916067073487289,0.0529815566745375,0,0.09510870461914678,0.9091710964309949,-0.031219620997146758,IN,45,25013874576.510002,2084489548042.5,198.75,11.0,38784088.05894,131354.0,15.869250636010323,0.055345911949685536,0.06301494777143486,False,False,False,False,False,0,10.0,0.36174583166191016,0.11170847149280506,11.041826003824092,7.089402938265335,0.8381560433492994,1.1250453920606702,0.0,1,0.012853550778465976,0.16147669389471533,WIPRO LTD,45102010,1000000000,0.315989847715736,0.5234771573604061,0.2918781725888325,0.6395939086294417,0.4849830795262268,0.3750546139082485,franchise,160,0,0,0,0,0,0,1,0,1,0.5,RTL,1.1,0.4125600752990734,172,False,False,True,False,False,1,flagged
243480,5,0.16259534727201727,-0.03343267692768093,0.030560681015773472,0.03249642838334593,1,0.04862279664749325,0.9012595388727722,0.009355980748988706,TW,45,9456957010.5255,300220857477.0,347.0,8.3924,30664168.342919998,10592.508,28.34275484871005,0.024185590778097985,0.03528238540459,False,False,False,False,False,0,10.0,0.27708479822585913,0.12083011526855253,99.0528879305627,7.496567226736303,0.1211711157583959,0.842370232445725,0.0,1,0.014386393477371957,0.12838076206802426,ADVANTECH CO LTD,45202030,1000000000,0.3236040609137056,0.706218274111675,0.18358714043993232,0.46954314720812185,0.45311618725324304,0.3702475630452733,durability,163,0,0,0,0,0,0,1,0,1,0.5,RTL,1.1,0.4072723193498006,173,False,False,True,False,False,1,flagged
229521,5,0.12949274231222488,0.1596571987237212,0.05305991626154309,0.03413150571660321,0,0.09723432483575656,1.1336218819170327,-0.06135812866301153,SE,20,4446915879.463201,46322040411.075005,139.425,3.3,384420.83584444446,2226.0,20.809541963645554,0.023668639053254434,0.048054877985637956,False,False,False,False,False,0,10.0,0.47015008101375355,0.10279215976331361,10.688524590163935,2.782672105253866,0.01730650536970746,1.4784807177899022,1.0309716599190284,5,0.002131712854486366,0.09879324219149763,SWECO AB,20103010,2000000000,0.21954314720812185,0.46890862944162437,0.6328257191201354,0.8045685279187818,0.6354342921601805,0.3358460082362806,franchise,171,0,0,0,0,1,0,0,1,0,1.0,STY,1.2,0.4030152098835367,174,False,True,False,False,False,1,flagged
101994,5,0.13920418356278247,-0.021813429217654723,0.03418806836210284,0.03683982339247647,0,0.06608568486968402,1.0458389502104997,-0.024927366665447908,ES,30,3014410640.0940003,2791120963.05,59.45,3.1710000000000003,1915128.413135053,159.917,17.453560053340173,0.05333894028595459,0.05729490126621045,False,False,False,False,False,0,10.0,0.546197893252402,0.10009451429764098,20.678410024650777,4.953304938685336,-0.007937706261728517,0.6420086698206029,0.8757268499587627,5,0.017137308798003882,0.08301961655469765,VISCOFAN SA,30202030,2000000000,0.2550761421319797,0.4727157360406091,0.49746192893401014,0.46700507614213194,0.4790609137055837,0.3282148293231934,capital,175,0,0,0,0,1,0,0,1,0,1.0,STY,1.2,0.3938577951878321,175,False,False,False,False,False,0,unreached
292534,6,0.10115553984643828,0.3694990085423415,0.04477706489856366,0.048722998142624804,1,-0.014119380851677965,0.6558555988895783,-0.11403842671039374,TH,25,1029787046.134875,36132878811.75,6.45,0.1775,2564427.7004189733,1963.948,18.39808325462283,0.027519379844961236,0.054353488141148244,False,True,False,False,False,1,7.0,2.3446312122159036,0.06634342716698438,9.360241176376261,4.073393206907986,0.22726138844650046,1.277253151149117,2.3419701491292275,3,0.005446231708359061,0.09753621374662488,SIAM GLOBAL HOUSE CO LTD,25504030,1000000000,0.20431472081218274,0.1,0.48984771573604063,0.5279187817258884,0.3725888324873097,0.2598194915960218,franchise,190,0,1,1,0,0,0,1,2,1,2.5,BMK|COV|RTL,1.5,0.3897292373940327,176,False,False,True,False,False,2,flagged
100743,6,0.10056990361580576,0.06555663893797314,0.09973040667315922,0.0941645505892524,0,-0.06455718608321503,0.8686303508639235,-0.0960311930354105,BE,15,2172508587.6480002,2011582025.6000001,39.2,2.1134,856067.6163978949,67.356,29.864927038422714,0.05391326530612244,0.03348409318775332,True,False,False,True,False,1,9.0,0.6224975282182516,0.06331340033552844,9.051607979367335,4.916826334579035,-0.12602696160709548,1.6447163775732363,0.39476512143994114,6,0.013846862351315615,0.05320635507229891,BEKAERT SA/NV,15104050,2000000000,0.1967005076142132,0.14974619289340102,0.8900169204737732,0.3451776649746193,0.46164692611393116,0.27669879489688903,capital,186,0,1,0,0,1,0,0,2,0,2.0,BMK|STY,1.4,0.3873783128556446,177,False,True,False,False,False,3,flagged
101340,5,0.1559544015012068,0.04120063091808368,0.043524365973053925,0.03369833172628155,0,0.02044189126850604,0.9181514221551333,-0.07586112629852379,CH,20,20196222637.8416,17872763396.32,91.76,3.2,9671616.023859395,668.0,26.755633826826344,0.03487358326068003,0.03737530594387778,False,False,False,False,False,0,10.0,0.12983935793369233,0.1425895574806837,12.63013698630137,3.1873336068972127,24.856607310215555,1.436639559496919,1.769655172413793,2,0.002474485597139562,0.12887183724139356,SGS SA,20202020,2000000000,0.2956852791878173,0.6694162436548223,0.416243654822335,0.5812182741116751,0.5556260575296108,0.3805492445074965,durability,156,0,0,0,0,0,0,0,0,0,0.0,-,1.0,0.3805492445074965,178,False,False,True,False,False,1,flagged
257190,5,0.13881387186659658,-0.09831950432229164,0.16065310876614247,0.1730396256928713,0,-0.03713049621855502,0.8281878019500065,-0.0032880526333106796,TW,45,1817890260.732,57710801928.0,312.0,20.9,8514679.035555001,5661.668,10.193250810185267,0.06698717948717949,0.0981041297444367,True,False,False,False,False,1,8.0,0.8408799220316034,0.08905983185103214,70.61503321836624,5.713483172253673,0.0011191003946584566,0.8386031413808832,0.0,2,0.009863974218791208,0.058663588977561645,SIMPLO TECHNOLOGY,45203015,1000000000,0.24746192893401014,0.3140862944162437,0.323181049069374,0.40609137055837563,0.3477862380146644,0.28355022319292555,franchise,183,0,1,0,0,0,0,1,1,1,1.5,BMK|RTL,1.3,0.36861529015080324,179,False,False,False,True,False,2,flagged
201398,7,0.10268755810568948,0.1508087720299558,0.11046006188507787,0.13166887849990996,3,0.056886239191764165,0.8545228225202879,-0.019087106092822007,TW,45,9386648353.6875,297988836625.0,143.75,3.4406,192652485.24431702,23634.229,12.608358691328581,0.023934608695652174,0.0793124644120215,False,False,False,False,False,0,10.0,0.621199821681375,0.06940767832067493,9.129053426293888,2.783527440554188,3.1629343816931117,0.9283935633506845,1.3364588841738336,1,0.017023385999975202,0.1640634375900218,YAGEO CORP,45203015,1000000000,0.35406091370558374,0.2899746192893401,0.17005076142131978,0.4441624365482234,0.3013959390862944,0.3319722256070723,franchise,173,0,0,0,0,0,0,1,0,1,0.5,RTL,1.1,0.3651694481677796,180,False,False,True,False,True,1,flagged
221489,6,0.11017375196897439,0.01512698181985117,0.0503804707692041,0.04974606645792647,0,-0.004975155670683518,0.7920076788651064,-0.044417577953075806,JP,50,4687178167.11375,699578830912.5,1268.75,119.0,20118431.19098611,24413.532,28.655371574768456,0.09379310344827586,0.03489747105148401,False,False,False,False,False,0,10.0,0.5749512272682096,0.07415119778207624,167.0,11.580584811031557,0.006756382937702199,1.1737177170455229,0.0,2,0.025773144890082565,0.07783387530266193,SQUARE ENIX HLDGS CO LTD,50202020,2000000000,0.25,0.48286802030456855,0.4433164128595601,0.2081218274111675,0.3781020868584321,0.29499023166800387,durability,182,0,0,0,1,0,0,0,1,0,1.0,CPX,1.2,0.35398827800160465,181,False,False,False,False,False,0,unreached
226256,5,0.11718608190219044,0.10327108280399822,0.07247659469695963,0.05541371571069447,0,0.08800417673500016,0.8108035373825159,-0.06140173496957731,FR,45,2279855795.3640003,2110977588.3,59.55,1.5,2566311.3858498633,106.915,19.744447348828505,0.02518891687657431,0.050647150681547584,False,False,False,False,False,0,10.0,0.5080279751869459,0.06978935629376729,30.076387695480324,3.6451312811528505,,1.528682156532946,0.0,5,0.008710577092476466,0.07236881949986568,ALTEN SA,45102010,2000000000,0.1484771573604061,0.4308375634517766,0.5406091370558376,0.6852791878172588,0.5522419627749576,0.2511004830234056,franchise,191,0,1,0,0,1,0,0,2,0,2.0,BMK|STY,1.4,0.3515406762327678,182,False,False,False,False,False,0,unreached
100683,6,0.1085285939914403,0.17561674762915525,0.1722844909471597,0.19389552411226968,1,0.0742477989478143,1.1662413255783566,-0.0627048336829243,JP,15,7249313970.057,1081987159710.0,1594.3,58.0,39519327.76107407,137238.012,7.884019477854285,0.03637960233331242,0.12683885457271346,False,False,False,True,False,0,10.0,0.29315969912008466,0.06881698146722719,121.98959687906373,9.721812644532102,3.5149266434250652,0.8890414578023205,0.0,1,0.02612839243607189,0.1016103721303843,NITTO DENKO CORP,15101050,2000000000,0.23984771573604063,0.5691624365482233,0.15143824027072758,0.37055837563451777,0.36371968415115624,0.28331402501816744,durability,184,0,0,0,1,0,0,0,1,0,1.0,CPX,1.2,0.3399768300218009,183,False,False,True,True,False,3,flagged
204138,6,0.10828304226483668,0.5523107023291345,0.055920699133121546,0.03934454115441055,0,0.08663334800542177,1.2038754999165737,-0.1038954374010665,JP,55,2297308426.6374,342881854722.0,3039.0,97.75,6586722.181851853,11548.157,29.691478451669823,0.032165185916419876,0.03367969707630914,False,False,False,False,False,0,9.0,0.9209558389335458,0.06752049283632953,82.79910714285714,3.249020329386157,1.7316202909081797,1.3367815329300217,0.9086858942149868,5,0.05133259980150157,0.0762280018102486,NIPPON GAS CO LTD,55102010,2000000000,0.23223350253807107,0.2576142131979695,0.5414551607445008,0.3248730964467005,0.3746474901297236,0.2811927080898315,capital,185,0,1,0,0,0,0,0,1,0,1.0,BMK,1.2,0.33743124970779775,184,False,False,True,False,False,1,flagged
202233,5,0.11958105048660825,-0.005103727431121197,0.05156458135058524,0.062038081477221896,0,0.0324964820596918,1.099392379256034,-0.02300235632208486,JP,50,2066518406.77,308435583100.0,3275.0,96.0,2564388.720740741,12402.576,24.868671080910936,0.02931297709923664,0.04021123592597575,False,False,False,False,False,0,10.0,0.39993032069871537,0.11086240884063742,17762.0,12.048614893555257,0.720645579399456,0.6930057938781353,0.0,1,0.0075278969171248865,0.10000151071438088,OKINAWA CELLULAR TELEPHONE,50102010,2000000000,0.15862944162436549,0.6732233502538071,0.1311336717428088,0.5406091370558376,0.44832205301748446,0.24036228184166908,durability,193,0,1,0,0,1,0,0,2,0,2.0,BMK|STY,1.4,0.33650719457833667,185,False,False,True,False,False,1,flagged
107037,6,0.10828601924374781,0.11737594415742159,0.03198885621007268,0.03550260586845383,1,0.06588440127032102,0.8597532576210936,-0.03706138510045784,IT,20,4114862985.436931,3810058319.84901,34.993415,0.33,4868508.539366231,208.122,18.306850404325395,0.009430345680751651,0.05462436071273779,False,False,False,False,False,0,10.0,0.41561807941782797,0.09240947542113873,7.740866255048513,4.039613741182776,-0.0082409643046919,0.7755564941096933,0.6440300356640324,8,0.007819634187154489,0.08749430331386364,INTERPUMP GROUP SPA,20106020,2000000000,0.23477157360406092,0.4295685279187817,0.5905245346869713,0.6294416243654822,0.5498448956570784,0.3299767840905442,franchise,174,0,0,0,0,0,0,0,0,0,0.0,-,1.0,0.3299767840905442,186,False,False,False,False,False,0,unreached
213095,5,0.12126538971516972,-0.06304824319154734,0.0950408649127459,0.060770861455248314,0,0.1674907163388435,0.8712118171533442,-0.08199908889901222,GB,25,4601423848.579668,3623168384.7084,0.7362,0.01,9686746.109601395,490.0,7.394221193282448,0.01358326541700625,0.13524074731609148,False,False,False,False,False,0,10.0,0.6085817462846799,0.10111588577765458,6.928104575163399,2.513301881453226,4.3256887096923355,3.0327167872008305,1.6342391304347825,2,0.008784047127993938,0.095804185667165,JD SPORTS FASHION PLC,25504040,2000000000,0.16624365482233502,0.3648477157360406,0.467005076142132,0.8451776649746193,0.559010152284264,0.2700318084667252,franchise,188,0,0,0,1,0,0,0,1,0,1.0,CPX,1.2,0.32403817016007025,187,False,False,True,False,False,1,flagged
209382,5,0.1707118150360601,-0.38781179084061124,0.2735832517230963,0.30111868444711365,5,-0.07639374329676807,0.6845322180860798,-0.07188465054672934,BR,15,11835553013.711359,68811354730.88,15.16,2.3358,117099.65780206895,13814.0,4.981276583964095,0.15407651715039578,0.20075175171345352,True,True,False,True,False,2,10.0,0.8154049318168923,0.07278318407751515,3.91437802907916,2.371055057214371,-0.16786470564499079,0.7342228070301318,0.9531336269436704,2,0.09023362287458284,0.1651937111632926,VALE SA,15104050,1000000000,0.35406091370558374,0.22652284263959388,0.494077834179357,0.1,0.2735335589396503,0.31933832126783723,capital,177,0,0,0,0,0,0,0,0,0,0.0,-,1.0,0.31933832126783723,188,False,True,False,True,True,5,flagged
211415,6,0.10325291806893996,0.046667149030169996,0.11881047512384808,0.08745889577845108,0,0.047966185508242054,1.0628011381461415,-0.04480065036052594,FR,45,3024703778.004,2800651646.3,136.3,4.65,3182467.4041140955,296.8,9.436157837938007,0.03411592076302274,0.10597533627293801,False,False,False,False,False,0,10.0,0.3934814254939648,0.06439037153322867,8.390728476821192,1.1740143756709507,-0.040766912091713126,2.0408284408839195,1.0363244574418962,2,0.006721961918546923,0.08899475599393754,SOPRA STERIA GROUP SA,45102010,2000000000,0.21192893401015228,0.3623096446700507,0.7208121827411168,0.5913705583756346,0.5581641285956007,0.3121899521305379,capital,178,0,0,0,0,0,0,0,0,0,0.0,-,1.0,0.3121899521305379,189,False,False,False,False,False,0,unreached
211503,6,0.1007861548523139,0.10617429059577344,0.11005895176308242,0.0718164094931413,0,0.09446549662890003,1.0265692053049682,-0.09484991296225534,FR,20,3489286394.2320004,3230820735.4,53.96,14.970600000000001,7573730.891494737,497.0,6.500645342857143,0.2774388435878429,0.15383088097534686,False,False,False,False,False,0,10.0,0.5500245834370812,0.06320039148519696,4.2615384615384615,2.692530614384025,-0.00972494251894751,2.1718769312092605,2.0917373216072463,8,0.008385874670555614,0.1350254833331294,TELEPERFORMANCE,20202030,2000000000,0.19923857868020306,0.2531725888324873,0.8714043993231811,0.7055837563451777,0.610053581500282,0.31172472709573706,capital,180,0,0,0,0,0,0,0,0,0,0.0,-,1.0,0.31172472709573706,190,False,False,False,False,False,0,unreached
015508,6,0.1178191616138663,-0.3333380721094831,0.08410953151417008,0.1279602581889829,4,-0.18264757588033864,0.5145232868087853,-0.11229521760714876,GB,15,45708350553.6,45708350553.6,38.8,1.41235,24086602.435964912,-1275.0,,0.03640077319587629,,True,True,False,True,False,2,10.0,0.77228138205707,0.05594397579314139,3.0357583230579532,4.031867616958575,-0.13502971123472962,1.4220890304021097,1.4413452343002868,1,0.14647283359349164,0.11955361168918537,ANGLO AMERICAN PLC,15104020,2000000000,0.28553299492385786,0.1884517766497462,0.6489001692047377,0.1,0.3124506486181613,0.2960099793305995,capital,181,0,0,0,0,0,0,0,0,0,0.0,-,1.0,0.2960099793305995,191,False,False,False,False,True,3,flagged
203007,6,0.10162609749700684,0.035882560670276176,0.06802342337017879,0.06644433151587457,0,0.013350657867235771,0.7619990318071687,-0.02162873240286818,AU,25,4407873139.1904,6678595665.440001,5.36,0.265,7527585.404507143,518.016,12.8926435968001,0.049440298507462684,0.07756361156591622,False,False,False,False,False,0,10.0,0.3994498586132585,0.0694855718778377,6.032769372643189,3.858834990549515,0.0,0.8895764540884719,2.2247106123530966,2,0.009706614647185627,0.1735882329382537,HARVEY NORMAN HLDGS LTD,25503030,2000000000,0.2068527918781726,0.3496192893401015,0.4086294416243655,0.4517766497461929,0.40334179357021993,0.2701880408428064,franchise,187,0,0,0,0,0,0,0,0,0,0.0,-,1.0,0.2701880408428064,192,False,False,False,False,False,0,unreached
210000,6,0.10080247630990655,-0.20613329891422938,0.049496086824319815,0.05653136423317019,1,0.030659107929797758,0.9577640255769674,-0.06980646889599235,MY,55,7682782831.732201,33994614299.7,17.18,0.72,2280420.176581818,1727.124,19.6827872808785,0.04190919674039581,0.05080581249645894,False,False,False,False,False,0,10.0,0.3593906129595744,0.09502364909991327,11.73466962045804,5.595467454945037,0.0,0.9406754111330331,0.0,1,0.054834776983668544,0.27623869307383236,PETRONAS GAS,55102010,1000000000,0.20177664974619292,0.5019035532994923,0.350253807106599,0.14974619289340102,0.33396785109983074,0.24683367480963717,durability,192,0,0,0,0,0,0,0,0,0,0.0,-,1.0,0.24683367480963717,193,False,False,False,False,False,0,unreached
321062,5,0.1119555600870545,0.2181749037637417,0.05415124370556991,0.05956188161166211,3,0.14753508859375652,1.3676921443857304,-0.009112804321157332,KR,35,2302392175.125,3069856233500.0,249500.0,0.0,18387580.83254717,140871.771,21.791848087861407,0.0,0.04588871930311521,False,False,False,False,False,0,10.0,0.4910056113771559,0.05043023195011793,26.1061265945227,15.182018147067108,-0.017723135877375062,0.9790489756570784,0.0,0,0.01601900896944531,0.28095244670349845,HUGEL INC,35201010,1000000000,0.12563451776649748,0.39530456852791873,0.39255499153976303,0.7055837563451777,0.4978144388042865,0.2179176374313699,franchise,195,0,0,0,0,0,0,1,0,1,0.5,RTL,1.1,0.23970940117450693,194,False,False,False,False,True,0,unreached
269005,5,0.12757575475849778,0.19563026837147723,0.09875383844258673,0.07422427712065122,0,0.03137667230334884,1.028076033258428,-0.021215727643161316,BR,55,9744892340.1456,56656350814.8,49.17,2.5342,17890061.834074073,5484.324,10.330598778409154,0.051539556640227774,0.09679981010297194,False,False,False,False,False,0,10.0,0.5424939172175632,0.06005142146142825,4.179855388928626,1.8730096020565048,0.0,1.252880972218804,2.2717525097334397,1,0.050014458120444936,0.16214828402373288,CPFL ENERGIA SA,55101010,1000000000,0.20685279187817257,0.25444162436548223,0.46531302876480535,0.15736040609137056,0.2923716864072194,0.23755870943522597,capital,194,0,0,0,0,0,0,0,0,0,0.0,-,1.0,0.23755870943522597,195,False,False,False,False,False,0,unreached
317841,5,0.10018855665076716,0.12927531182044927,0.033146332319379974,0.020943057697637272,0,0.08602996440860822,0.8188322245957447,-0.02200915206882224,NL,20,4473671655.5136,4142288569.92,70.08,3.83385,3030443.2503427262,217.578,19.038177434850947,0.05470676369863014,0.05252603635101214,False,False,False,False,False,0,10.0,0.4611625827183701,0.0726012098103892,5.854009065913651,3.178582698936179,0.0375232872860205,1.115150209344266,2.8904835089091945,2,0.004164531726804614,0.0656974977060776,IMCD NV,20107010,2000000000,0.1,0.3356598984771573,0.4010152284263959,0.7538071065989848,0.4968274111675126,0.18988131012559087,franchise,197,0,0,0,0,1,0,0,1,0,1.0,STY,1.2,0.22785757215070904,196,False,False,False,False,False,0,unreached
101944,5,0.10055933319542357,-0.013644560407086725,0.06743515901041455,0.05506623216568742,0,0.05462398633036236,0.8807140531470066,-0.03220029239766082,FR,45,19923711853.072502,18447881345.4375,108.5625,7.5654,13471801.907480573,1601.0,11.522724138311993,0.06968704663212436,0.0867850334692204,False,False,False,False,False,0,10.0,0.30067002181520247,0.07703546553518534,12.646464646464647,2.622334154556124,0.008064899277841153,1.5001315147895855,2.074953154278576,6,0.0025928668774745554,0.10546643224212744,CAPGEMINI SE,45102010,2000000000,0.1,0.491751269035533,0.6700507614213197,0.6624365482233503,0.6080795262267343,0.205865775430923,capital,196,0,0,0,0,0,0,0,0,0,0.0,-,1.0,0.205865775430923,197,False,False,False,False,False,0,unreached
